{"sessionId":"4d7115","timestamp":1772210948610,"location":"Program.cs","message":"debug","data":{"hypothesisId":"B,C","requestPath":"/img/corazon.png","expectedPhysicalPath":"C:\\Users\\ECI-DIF-100\\Desktop\\Requisiciones\\Inventario.AplicacionWeb\\wwwroot\\img\\corazon.png","fileExists":true}}
{"sessionId":"4d7115","timestamp":1772210948621,"location":"Program.cs","message":"debug","data":{"hypothesisId":"F","requestPath":"/img/corazon.png","responseStatusCode":200}}
{"sessionId":"4d7115","timestamp":1772211450325,"location":"Program.cs","message":"debug","data":{"hypothesisId":"B,C","requestPath":"/img/corazon.png","expectedPhysicalPath":"C:\\Users\\ECI-DIF-100\\Desktop\\Requisiciones\\Inventario.AplicacionWeb\\wwwroot\\img\\corazon.png","fileExists":true}}
{"sessionId":"4d7115","timestamp":1772211450336,"location":"Program.cs","message":"debug","data":{"hypothesisId":"F","requestPath":"/img/corazon.png","responseStatusCode":200}}
{"sessionId":"4d7115","timestamp":1772211455582,"location":"Program.cs","message":"debug","data":{"hypothesisId":"B,C","requestPath":"/img/familias-dif.png","expectedPhysicalPath":"C:\\Users\\ECI-DIF-100\\Desktop\\Requisiciones\\Inventario.AplicacionWeb\\wwwroot\\img\\familias-dif.png","fileExists":true}}
{"sessionId":"4d7115","timestamp":1772211455630,"location":"Program.cs","message":"debug","data":{"hypothesisId":"B,C","requestPath":"/img/corazon.png","expectedPhysicalPath":"C:\\Users\\ECI-DIF-100\\Desktop\\Requisiciones\\Inventario.AplicacionWeb\\wwwroot\\img\\corazon.png","fileExists":true}}
{"sessionId":"4d7115","timestamp":1772211455634,"location":"Program.cs","message":"debug","data":{"hypothesisId":"F","requestPath":"/img/corazon.png","responseStatusCode":200}}
{"sessionId":"4d7115","timestamp":1772211465444,"location":"Program.cs","message":"debug","data":{"hypothesisId":"B,C","requestPath":"/img/pensargrande.png","expectedPhysicalPath":"C:\\Users\\ECI-DIF-100\\Desktop\\Requisiciones\\Inventario.AplicacionWeb\\wwwroot\\img\\pensargrande.png","fileExists":true}}
{"sessionId":"4d7115","timestamp":1772211465446,"location":"Program.cs","message":"debug","data":{"hypothesisId":"F","requestPath":"/img/corazon.png","responseStatusCode":304}}
{"sessionId":"4d7115","timestamp":1772211466040,"location":"Program.cs","message":"debug","data":{"hypothesisId":"B,C","requestPath":"/img/corazon.png","expectedPhysicalPath":"C:\\Users\\ECI-DIF-100\\Desktop\\Requisiciones\\Inventario.AplicacionWeb\\wwwroot\\img\\corazon.png","fileExists":true}}
{"sessionId":"4d7115","timestamp":1772211466040,"location":"Program.cs","message":"debug","data":{"hypothesisId":"B,C","requestPath":"/img/familias-dif.png","expectedPhysicalPath":"C:\\Users\\ECI-DIF-100\\Desktop\\Requisiciones\\Inventario.AplicacionWeb\\wwwroot\\img\\familias-dif.png","fileExists":true}}
{"sessionId":"4d7115","timestamp":1772211466041,"location":"Program.cs","message":"debug","data":{"hypothesisId":"F","requestPath":"/img/corazon.png","responseStatusCode":304}}
{"sessionId":"4d7115","timestamp":1772211466742,"location":"Program.cs","message":"debug","data":{"hypothesisId":"B,C","requestPath":"/img/pensargrande.png","expectedPhysicalPath":"C:\\Users\\ECI-DIF-100\\Desktop\\Requisiciones\\Inventario.AplicacionWeb\\wwwroot\\img\\pensargrande.png","fileExists":true}}
{"sessionId":"4d7115","timestamp":1772211466743,"location":"Program.cs","message":"debug","data":{"hypothesisId":"F","requestPath":"/img/corazon.png","responseStatusCode":304}}
{"sessionId":"4d7115","timestamp":1772211506396,"location":"Program.cs","message":"debug","data":{"hypothesisId":"B,C","requestPath":"/img/familias-dif.png","expectedPhysicalPath":"C:\\Users\\ECI-DIF-100\\Desktop\\Requisiciones\\Inventario.AplicacionWeb\\wwwroot\\img\\familias-dif.png","fileExists":true}}
{"sessionId":"4d7115","timestamp":1772211506397,"location":"Program.cs","message":"debug","data":{"hypothesisId":"F","requestPath":"/img/corazon.png","responseStatusCode":304}}
{"sessionId":"4d7115","timestamp":1772211507757,"location":"Program.cs","message":"debug","data":{"hypothesisId":"B,C","requestPath":"/img/corazon.png","expectedPhysicalPath":"C:\\Users\\ECI-DIF-100\\Desktop\\Requisiciones\\Inventario.AplicacionWeb\\wwwroot\\img\\corazon.png","fileExists":true}}
{"sessionId":"4d7115","timestamp":1772211507763,"location":"Program.cs","message":"debug","data":{"hypothesisId":"F","requestPath":"/img/corazon.png","responseStatusCode":304}}
{"sessionId":"4d7115","timestamp":1772211507822,"location":"Program.cs","message":"debug","data":{"hypothesisId":"B,C","requestPath":"/img/corazon.png","expectedPhysicalPath":"C:\\Users\\ECI-DIF-100\\Desktop\\Requisiciones\\Inventario.AplicacionWeb\\wwwroot\\img\\corazon.png","fileExists":true}}
{"sessionId":"4d7115","timestamp":1772211507828,"location":"Program.cs","message":"debug","data":{"hypothesisId":"F","requestPath":"/img/corazon.png","responseStatusCode":200}}
{"sessionId":"4d7115","timestamp":1772213466058,"location":"Program.cs","message":"debug","data":{"hypothesisId":"A,E","webRoot":"C:\\Users\\ECI-DIF-100\\Desktop\\Requisiciones\\Inventario.AplicacionWeb\\wwwroot","corazonExists":true,"corazonPath":"C:\\Users\\ECI-DIF-100\\Desktop\\Requisiciones\\Inventario.AplicacionWeb\\wwwroot\\img\\corazon.png","filesInImg":"corazon.png,familias-dif-rosa.png,familias-dif.png,pensargrande.png,png-gob.png,puebla-gob-blanco.png,user-avatar.png"}}
{"sessionId":"4d7115","timestamp":1772213466847,"location":"Program.cs","message":"debug","data":{"hypothesisId":"B,C","requestPath":"/img/corazon.png","expectedPhysicalPath":"C:\\Users\\ECI-DIF-100\\Desktop\\Requisiciones\\Inventario.AplicacionWeb\\wwwroot\\img\\corazon.png","fileExists":true}}
{"sessionId":"4d7115","timestamp":1772213466861,"location":"Program.cs","message":"debug","data":{"hypothesisId":"F","requestPath":"/img/corazon.png","responseStatusCode":200}}
{"sessionId":"4d7115","timestamp":1772213472993,"location":"Program.cs","message":"debug","data":{"hypothesisId":"B,C","requestPath":"/img/pensargrande.png","expectedPhysicalPath":"C:\\Users\\ECI-DIF-100\\Desktop\\Requisiciones\\Inventario.AplicacionWeb\\wwwroot\\img\\pensargrande.png","fileExists":true}}
{"sessionId":"4d7115","timestamp":1772213473029,"location":"Program.cs","message":"debug","data":{"hypothesisId":"B,C","requestPath":"/img/corazon.png","expectedPhysicalPath":"C:\\Users\\ECI-DIF-100\\Desktop\\Requisiciones\\Inventario.AplicacionWeb\\wwwroot\\img\\corazon.png","fileExists":true}}
{"sessionId":"4d7115","timestamp":1772213473035,"location":"Program.cs","message":"debug","data":{"hypothesisId":"F","requestPath":"/img/corazon.png","responseStatusCode":200}}
{"sessionId":"4d7115","timestamp":1772213475125,"location":"Program.cs","message":"debug","data":{"hypothesisId":"B,C","requestPath":"/img/corazon.png","expectedPhysicalPath":"C:\\Users\\ECI-DIF-100\\Desktop\\Requisiciones\\Inventario.AplicacionWeb\\wwwroot\\img\\corazon.png","fileExists":true}}
{"sessionId":"4d7115","timestamp":1772213475126,"location":"Program.cs","message":"debug","data":{"hypothesisId":"F","requestPath":"/img/corazon.png","responseStatusCode":304}}
{"sessionId":"4d7115","timestamp":1772213475968,"location":"Program.cs","message":"debug","data":{"hypothesisId":"B,C","requestPath":"/img/familias-dif.png","expectedPhysicalPath":"C:\\Users\\ECI-DIF-100\\Desktop\\Requisiciones\\Inventario.AplicacionWeb\\wwwroot\\img\\familias-dif.png","fileExists":true}}
{"sessionId":"4d7115","timestamp":1772213475969,"location":"Program.cs","message":"debug","data":{"hypothesisId":"F","requestPath":"/img/corazon.png","responseStatusCode":304}}
{"sessionId":"4d7115","timestamp":1772213481275,"location":"Program.cs","message":"debug","data":{"hypothesisId":"B,C","requestPath":"/img/pensargrande.png","expectedPhysicalPath":"C:\\Users\\ECI-DIF-100\\Desktop\\Requisiciones\\Inventario.AplicacionWeb\\wwwroot\\img\\pensargrande.png","fileExists":true}}
{"sessionId":"4d7115","timestamp":1772213481276,"location":"Program.cs","message":"debug","data":{"hypothesisId":"F","requestPath":"/img/corazon.png","responseStatusCode":304}}
{"sessionId":"4d7115","timestamp":1772213484555,"location":"Program.cs","message":"debug","data":{"hypothesisId":"B,C","requestPath":"/img/corazon.png","expectedPhysicalPath":"C:\\Users\\ECI-DIF-100\\Desktop\\Requisiciones\\Inventario.AplicacionWeb\\wwwroot\\img\\corazon.png","fileExists":true}}
{"sessionId":"4d7115","timestamp":1772213484557,"location":"Program.cs","message":"debug","data":{"hypothesisId":"F","requestPath":"/img/corazon.png","responseStatusCode":304}}
{"sessionId":"4d7115","timestamp":1772213486404,"location":"Program.cs","message":"debug","data":{"hypothesisId":"B,C","requestPath":"/img/pensargrande.png","expectedPhysicalPath":"C:\\Users\\ECI-DIF-100\\Desktop\\Requisiciones\\Inventario.AplicacionWeb\\wwwroot\\img\\pensargrande.png","fileExists":true}}
{"sessionId":"4d7115","timestamp":1772213486405,"location":"Program.cs","message":"debug","data":{"hypothesisId":"F","requestPath":"/img/corazon.png","responseStatusCode":304}}
{"sessionId":"4d7115","timestamp":1772213487439,"location":"Program.cs","message":"debug","data":{"hypothesisId":"B,C","requestPath":"/img/familias-dif.png","expectedPhysicalPath":"C:\\Users\\ECI-DIF-100\\Desktop\\Requisiciones\\Inventario.AplicacionWeb\\wwwroot\\img\\familias-dif.png","fileExists":true}}
{"sessionId":"4d7115","timestamp":1772213487439,"location":"Program.cs","message":"debug","data":{"hypothesisId":"F","requestPath":"/img/corazon.png","responseStatusCode":304}}
{"sessionId":"4d7115","timestamp":1772213489322,"location":"Program.cs","message":"debug","data":{"hypothesisId":"B,C","requestPath":"/img/corazon.png","expectedPhysicalPath":"C:\\Users\\ECI-DIF-100\\Desktop\\Requisiciones\\Inventario.AplicacionWeb\\wwwroot\\img\\corazon.png","fileExists":true}}
{"sessionId":"4d7115","timestamp":1772213489325,"location":"Program.cs","message":"debug","data":{"hypothesisId":"F","requestPath":"/img/corazon.png","responseStatusCode":200}}
{"sessionId":"4d7115","timestamp":1772213494887,"location":"Program.cs","message":"debug","data":{"hypothesisId":"B,C","requestPath":"/img/familias-dif.png","expectedPhysicalPath":"C:\\Users\\ECI-DIF-100\\Desktop\\Requisiciones\\Inventario.AplicacionWeb\\wwwroot\\img\\familias-dif.png","fileExists":true}}
{"sessionId":"4d7115","timestamp":1772213494888,"location":"Program.cs","message":"debug","data":{"hypothesisId":"F","requestPath":"/img/corazon.png","responseStatusCode":304}}
{"sessionId":"4d7115","timestamp":1772213498003,"location":"Program.cs","message":"debug","data":{"hypothesisId":"B,C","requestPath":"/img/corazon.png","expectedPhysicalPath":"C:\\Users\\ECI-DIF-100\\Desktop\\Requisiciones\\Inventario.AplicacionWeb\\wwwroot\\img\\corazon.png","fileExists":true}}
{"sessionId":"4d7115","timestamp":1772213498003,"location":"Program.cs","message":"debug","data":{"hypothesisId":"B,C","requestPath":"/img/familias-dif.png","expectedPhysicalPath":"C:\\Users\\ECI-DIF-100\\Desktop\\Requisiciones\\Inventario.AplicacionWeb\\wwwroot\\img\\familias-dif.png","fileExists":true}}
{"sessionId":"4d7115","timestamp":1772213498009,"location":"Program.cs","message":"debug","data":{"hypothesisId":"F","requestPath":"/img/corazon.png","responseStatusCode":200}}
{"sessionId":"4d7115","timestamp":1772213583498,"location":"Program.cs","message":"debug","data":{"hypothesisId":"A,E","webRoot":"C:\\Users\\ECI-DIF-100\\Desktop\\Requisiciones\\Inventario.AplicacionWeb\\wwwroot","corazonExists":true,"corazonPath":"C:\\Users\\ECI-DIF-100\\Desktop\\Requisiciones\\Inventario.AplicacionWeb\\wwwroot\\img\\corazon.png","filesInImg":"corazon.png,familias-dif-rosa.png,familias-dif.png,pensargrande.png,png-gob.png,puebla-gob-blanco.png,user-avatar.png"}}
{"sessionId":"4d7115","timestamp":1772213774590,"location":"Program.cs","message":"debug","data":{"hypothesisId":"A,E","webRoot":"C:\\Users\\ECI-DIF-100\\Desktop\\Requisiciones\\Inventario.AplicacionWeb\\wwwroot","corazonExists":true,"corazonPath":"C:\\Users\\ECI-DIF-100\\Desktop\\Requisiciones\\Inventario.AplicacionWeb\\wwwroot\\img\\corazon.png","filesInImg":"corazon.png,familias-dif-rosa.png,familias-dif.png,pensargrande.png,png-gob.png,puebla-gob-blanco.png,user-avatar.png"}}
{"sessionId":"4d7115","timestamp":1772213815090,"location":"Program.cs","message":"debug","data":{"hypothesisId":"A,E","webRoot":"C:\\Users\\ECI-DIF-100\\Desktop\\Requisiciones\\Inventario.AplicacionWeb\\wwwroot","corazonExists":true,"corazonPath":"C:\\Users\\ECI-DIF-100\\Desktop\\Requisiciones\\Inventario.AplicacionWeb\\wwwroot\\img\\corazon.png","filesInImg":"corazon.png,familias-dif-rosa.png,familias-dif.png,pensargrande.png,png-gob.png,puebla-gob-blanco.png,user-avatar.png"}}
{"sessionId":"4d7115","timestamp":1772213815776,"location":"Program.cs","message":"debug","data":{"hypothesisId":"B,C","requestPath":"/img/corazon.png","expectedPhysicalPath":"C:\\Users\\ECI-DIF-100\\Desktop\\Requisiciones\\Inventario.AplicacionWeb\\wwwroot\\img\\corazon.png","fileExists":true}}
{"sessionId":"4d7115","timestamp":1772213815780,"location":"Program.cs","message":"debug","data":{"hypothesisId":"F","requestPath":"/img/corazon.png","responseStatusCode":304}}
{"sessionId":"4d7115","timestamp":1772213821156,"location":"Program.cs","message":"debug","data":{"hypothesisId":"B,C","requestPath":"/img/pensargrande.png","expectedPhysicalPath":"C:\\Users\\ECI-DIF-100\\Desktop\\Requisiciones\\Inventario.AplicacionWeb\\wwwroot\\img\\pensargrande.png","fileExists":true}}
{"sessionId":"4d7115","timestamp":1772213821158,"location":"Program.cs","message":"debug","data":{"hypothesisId":"F","requestPath":"/img/corazon.png","responseStatusCode":304}}
{"sessionId":"4d7115","timestamp":1772213828188,"location":"Program.cs","message":"debug","data":{"hypothesisId":"B,C","requestPath":"/img/pensargrande.png","expectedPhysicalPath":"C:\\Users\\ECI-DIF-100\\Desktop\\Requisiciones\\Inventario.AplicacionWeb\\wwwroot\\img\\pensargrande.png","fileExists":true}}
{"sessionId":"4d7115","timestamp":1772213828189,"location":"Program.cs","message":"debug","data":{"hypothesisId":"F","requestPath":"/img/corazon.png","responseStatusCode":304}}
{"sessionId":"4d7115","timestamp":1772213830556,"location":"Program.cs","message":"debug","data":{"hypothesisId":"B,C","requestPath":"/img/corazon.png","expectedPhysicalPath":"C:\\Users\\ECI-DIF-100\\Desktop\\Requisiciones\\Inventario.AplicacionWeb\\wwwroot\\img\\corazon.png","fileExists":true}}
{"sessionId":"4d7115","timestamp":1772213830557,"location":"Program.cs","message":"debug","data":{"hypothesisId":"F","requestPath":"/img/corazon.png","responseStatusCode":304}}
{"sessionId":"4d7115","timestamp":1772213831704,"location":"Program.cs","message":"debug","data":{"hypothesisId":"B,C","requestPath":"/img/corazon.png","expectedPhysicalPath":"C:\\Users\\ECI-DIF-100\\Desktop\\Requisiciones\\Inventario.AplicacionWeb\\wwwroot\\img\\corazon.png","fileExists":true}}
{"sessionId":"4d7115","timestamp":1772213831706,"location":"Program.cs","message":"debug","data":{"hypothesisId":"F","requestPath":"/img/corazon.png","responseStatusCode":304}}
{"sessionId":"4d7115","timestamp":1772213831708,"location":"Program.cs","message":"debug","data":{"hypothesisId":"B,C","requestPath":"/img/pensargrande.png","expectedPhysicalPath":"C:\\Users\\ECI-DIF-100\\Desktop\\Requisiciones\\Inventario.AplicacionWeb\\wwwroot\\img\\pensargrande.png","fileExists":true}}
{"sessionId":"4d7115","timestamp":1772213832959,"location":"Program.cs","message":"debug","data":{"hypothesisId":"B,C","requestPath":"/img/corazon.png","expectedPhysicalPath":"C:\\Users\\ECI-DIF-100\\Desktop\\Requisiciones\\Inventario.AplicacionWeb\\wwwroot\\img\\corazon.png","fileExists":true}}
{"sessionId":"4d7115","timestamp":1772213832975,"location":"Program.cs","message":"debug","data":{"hypothesisId":"F","requestPath":"/img/corazon.png","responseStatusCode":200}}
{"sessionId":"4d7115","timestamp":1772213836105,"location":"Program.cs","message":"debug","data":{"hypothesisId":"B,C","requestPath":"/img/corazon.png","expectedPhysicalPath":"C:\\Users\\ECI-DIF-100\\Desktop\\Requisiciones\\Inventario.AplicacionWeb\\wwwroot\\img\\corazon.png","fileExists":true}}
{"sessionId":"4d7115","timestamp":1772213836110,"location":"Program.cs","message":"debug","data":{"hypothesisId":"F","requestPath":"/img/corazon.png","responseStatusCode":200}}
{"sessionId":"4d7115","timestamp":1772213839072,"location":"Program.cs","message":"debug","data":{"hypothesisId":"B,C","requestPath":"/img/pensargrande.png","expectedPhysicalPath":"C:\\Users\\ECI-DIF-100\\Desktop\\Requisiciones\\Inventario.AplicacionWeb\\wwwroot\\img\\pensargrande.png","fileExists":true}}
{"sessionId":"4d7115","timestamp":1772213839073,"location":"Program.cs","message":"debug","data":{"hypothesisId":"F","requestPath":"/img/corazon.png","responseStatusCode":304}}
{"sessionId":"4d7115","timestamp":1772213840522,"location":"Program.cs","message":"debug","data":{"hypothesisId":"B,C","requestPath":"/img/corazon.png","expectedPhysicalPath":"C:\\Users\\ECI-DIF-100\\Desktop\\Requisiciones\\Inventario.AplicacionWeb\\wwwroot\\img\\corazon.png","fileExists":true}}
{"sessionId":"4d7115","timestamp":1772213840522,"location":"Program.cs","message":"debug","data":{"hypothesisId":"B,C","requestPath":"/img/familias-dif.png","expectedPhysicalPath":"C:\\Users\\ECI-DIF-100\\Desktop\\Requisiciones\\Inventario.AplicacionWeb\\wwwroot\\img\\familias-dif.png","fileExists":true}}
{"sessionId":"4d7115","timestamp":1772213840523,"location":"Program.cs","message":"debug","data":{"hypothesisId":"F","requestPath":"/img/corazon.png","responseStatusCode":304}}
{"sessionId":"4d7115","timestamp":1772213852639,"location":"Program.cs","message":"debug","data":{"hypothesisId":"B,C","requestPath":"/img/corazon.png","expectedPhysicalPath":"C:\\Users\\ECI-DIF-100\\Desktop\\Requisiciones\\Inventario.AplicacionWeb\\wwwroot\\img\\corazon.png","fileExists":true}}
{"sessionId":"4d7115","timestamp":1772213852647,"location":"Program.cs","message":"debug","data":{"hypothesisId":"F","requestPath":"/img/corazon.png","responseStatusCode":200}}
{"sessionId":"4d7115","timestamp":1772213859874,"location":"Program.cs","message":"debug","data":{"hypothesisId":"B,C","requestPath":"/img/corazon.png","expectedPhysicalPath":"C:\\Users\\ECI-DIF-100\\Desktop\\Requisiciones\\Inventario.AplicacionWeb\\wwwroot\\img\\corazon.png","fileExists":true}}
{"sessionId":"4d7115","timestamp":1772213859875,"location":"Program.cs","message":"debug","data":{"hypothesisId":"F","requestPath":"/img/corazon.png","responseStatusCode":304}}
{"sessionId":"4d7115","timestamp":1772213859876,"location":"Program.cs","message":"debug","data":{"hypothesisId":"B,C","requestPath":"/img/familias-dif.png","expectedPhysicalPath":"C:\\Users\\ECI-DIF-100\\Desktop\\Requisiciones\\Inventario.AplicacionWeb\\wwwroot\\img\\familias-dif.png","fileExists":true}}
{"sessionId":"4d7115","timestamp":1772213862506,"location":"Program.cs","message":"debug","data":{"hypothesisId":"B,C","requestPath":"/img/corazon.png","expectedPhysicalPath":"C:\\Users\\ECI-DIF-100\\Desktop\\Requisiciones\\Inventario.AplicacionWeb\\wwwroot\\img\\corazon.png","fileExists":true}}
{"sessionId":"4d7115","timestamp":1772213862514,"location":"Program.cs","message":"debug","data":{"hypothesisId":"F","requestPath":"/img/corazon.png","responseStatusCode":200}}
{"sessionId":"4d7115","timestamp":1772213862519,"location":"Program.cs","message":"debug","data":{"hypothesisId":"B,C","requestPath":"/img/pensargrande.png","expectedPhysicalPath":"C:\\Users\\ECI-DIF-100\\Desktop\\Requisiciones\\Inventario.AplicacionWeb\\wwwroot\\img\\pensargrande.png","fileExists":true}}
{"sessionId":"4d7115","timestamp":1772213866341,"location":"Program.cs","message":"debug","data":{"hypothesisId":"B,C","requestPath":"/img/corazon.png","expectedPhysicalPath":"C:\\Users\\ECI-DIF-100\\Desktop\\Requisiciones\\Inventario.AplicacionWeb\\wwwroot\\img\\corazon.png","fileExists":true}}
{"sessionId":"4d7115","timestamp":1772213866346,"location":"Program.cs","message":"debug","data":{"hypothesisId":"F","requestPath":"/img/corazon.png","responseStatusCode":200}}
{"sessionId":"4d7115","timestamp":1772213872837,"location":"Program.cs","message":"debug","data":{"hypothesisId":"B,C","requestPath":"/img/corazon.png","expectedPhysicalPath":"C:\\Users\\ECI-DIF-100\\Desktop\\Requisiciones\\Inventario.AplicacionWeb\\wwwroot\\img\\corazon.png","fileExists":true}}
{"sessionId":"4d7115","timestamp":1772213872838,"location":"Program.cs","message":"debug","data":{"hypothesisId":"B,C","requestPath":"/img/familias-dif.png","expectedPhysicalPath":"C:\\Users\\ECI-DIF-100\\Desktop\\Requisiciones\\Inventario.AplicacionWeb\\wwwroot\\img\\familias-dif.png","fileExists":true}}
{"sessionId":"4d7115","timestamp":1772213872838,"location":"Program.cs","message":"debug","data":{"hypothesisId":"B,C","requestPath":"/img/pensargrande.png","expectedPhysicalPath":"C:\\Users\\ECI-DIF-100\\Desktop\\Requisiciones\\Inventario.AplicacionWeb\\wwwroot\\img\\pensargrande.png","fileExists":true}}
{"sessionId":"4d7115","timestamp":1772213872842,"location":"Program.cs","message":"debug","data":{"hypothesisId":"F","requestPath":"/img/corazon.png","responseStatusCode":200}}
{"sessionId":"4d7115","timestamp":1772213875354,"location":"Program.cs","message":"debug","data":{"hypothesisId":"B,C","requestPath":"/img/familias-dif.png","expectedPhysicalPath":"C:\\Users\\ECI-DIF-100\\Desktop\\Requisiciones\\Inventario.AplicacionWeb\\wwwroot\\img\\familias-dif.png","fileExists":true}}
{"sessionId":"4d7115","timestamp":1772213875355,"location":"Program.cs","message":"debug","data":{"hypothesisId":"F","requestPath":"/img/corazon.png","responseStatusCode":304}}
{"sessionId":"4d7115","timestamp":1772213883842,"location":"Program.cs","message":"debug","data":{"hypothesisId":"B,C","requestPath":"/img/familias-dif.png","expectedPhysicalPath":"C:\\Users\\ECI-DIF-100\\Desktop\\Requisiciones\\Inventario.AplicacionWeb\\wwwroot\\img\\familias-dif.png","fileExists":true}}
{"sessionId":"4d7115","timestamp":1772213883843,"location":"Program.cs","message":"debug","data":{"hypothesisId":"F","requestPath":"/img/corazon.png","responseStatusCode":304}}
{"sessionId":"4d7115","timestamp":1772213885150,"location":"Program.cs","message":"debug","data":{"hypothesisId":"B,C","requestPath":"/img/corazon.png","expectedPhysicalPath":"C:\\Users\\ECI-DIF-100\\Desktop\\Requisiciones\\Inventario.AplicacionWeb\\wwwroot\\img\\corazon.png","fileExists":true}}
{"sessionId":"4d7115","timestamp":1772213885151,"location":"Program.cs","message":"debug","data":{"hypothesisId":"F","requestPath":"/img/corazon.png","responseStatusCode":304}}
{"sessionId":"4d7115","timestamp":1772213890405,"location":"Program.cs","message":"debug","data":{"hypothesisId":"B,C","requestPath":"/img/familias-dif.png","expectedPhysicalPath":"C:\\Users\\ECI-DIF-100\\Desktop\\Requisiciones\\Inventario.AplicacionWeb\\wwwroot\\img\\familias-dif.png","fileExists":true}}
{"sessionId":"4d7115","timestamp":1772213890406,"location":"Program.cs","message":"debug","data":{"hypothesisId":"F","requestPath":"/img/corazon.png","responseStatusCode":304}}
{"sessionId":"4d7115","timestamp":1772213890407,"location":"Program.cs","message":"debug","data":{"hypothesisId":"B,C","requestPath":"/img/pensargrande.png","expectedPhysicalPath":"C:\\Users\\ECI-DIF-100\\Desktop\\Requisiciones\\Inventario.AplicacionWeb\\wwwroot\\img\\pensargrande.png","fileExists":true}}
{"sessionId":"4d7115","timestamp":1772213891691,"location":"Program.cs","message":"debug","data":{"hypothesisId":"B,C","requestPath":"/img/corazon.png","expectedPhysicalPath":"C:\\Users\\ECI-DIF-100\\Desktop\\Requisiciones\\Inventario.AplicacionWeb\\wwwroot\\img\\corazon.png","fileExists":true}}
{"sessionId":"4d7115","timestamp":1772213891697,"location":"Program.cs","message":"debug","data":{"hypothesisId":"F","requestPath":"/img/corazon.png","responseStatusCode":200}}
{"sessionId":"4d7115","timestamp":1772213897217,"location":"Program.cs","message":"debug","data":{"hypothesisId":"B,C","requestPath":"/img/corazon.png","expectedPhysicalPath":"C:\\Users\\ECI-DIF-100\\Desktop\\Requisiciones\\Inventario.AplicacionWeb\\wwwroot\\img\\corazon.png","fileExists":true}}
{"sessionId":"4d7115","timestamp":1772213897217,"location":"Program.cs","message":"debug","data":{"hypothesisId":"B,C","requestPath":"/img/familias-dif.png","expectedPhysicalPath":"C:\\Users\\ECI-DIF-100\\Desktop\\Requisiciones\\Inventario.AplicacionWeb\\wwwroot\\img\\familias-dif.png","fileExists":true}}
{"sessionId":"4d7115","timestamp":1772213897218,"location":"Program.cs","message":"debug","data":{"hypothesisId":"F","requestPath":"/img/corazon.png","responseStatusCode":304}}
{"sessionId":"4d7115","timestamp":1772213899404,"location":"Program.cs","message":"debug","data":{"hypothesisId":"B,C","requestPath":"/img/corazon.png","expectedPhysicalPath":"C:\\Users\\ECI-DIF-100\\Desktop\\Requisiciones\\Inventario.AplicacionWeb\\wwwroot\\img\\corazon.png","fileExists":true}}
{"sessionId":"4d7115","timestamp":1772213899405,"location":"Program.cs","message":"debug","data":{"hypothesisId":"B,C","requestPath":"/img/pensargrande.png","expectedPhysicalPath":"C:\\Users\\ECI-DIF-100\\Desktop\\Requisiciones\\Inventario.AplicacionWeb\\wwwroot\\img\\pensargrande.png","fileExists":true}}
{"sessionId":"4d7115","timestamp":1772213899411,"location":"Program.cs","message":"debug","data":{"hypothesisId":"F","requestPath":"/img/corazon.png","responseStatusCode":200}}
{"sessionId":"4d7115","timestamp":1772213922495,"location":"Program.cs","message":"debug","data":{"hypothesisId":"B,C","requestPath":"/img/corazon.png","expectedPhysicalPath":"C:\\Users\\ECI-DIF-100\\Desktop\\Requisiciones\\Inventario.AplicacionWeb\\wwwroot\\img\\corazon.png","fileExists":true}}
{"sessionId":"4d7115","timestamp":1772213922497,"location":"Program.cs","message":"debug","data":{"hypothesisId":"F","requestPath":"/img/corazon.png","responseStatusCode":304}}
{"sessionId":"4d7115","timestamp":1772213929949,"location":"Program.cs","message":"debug","data":{"hypothesisId":"B,C","requestPath":"/img/corazon.png","expectedPhysicalPath":"C:\\Users\\ECI-DIF-100\\Desktop\\Requisiciones\\Inventario.AplicacionWeb\\wwwroot\\img\\corazon.png","fileExists":true}}
{"sessionId":"4d7115","timestamp":1772213929950,"location":"Program.cs","message":"debug","data":{"hypothesisId":"F","requestPath":"/img/corazon.png","responseStatusCode":304}}
{"sessionId":"4d7115","timestamp":1772213931450,"location":"Program.cs","message":"debug","data":{"hypothesisId":"B,C","requestPath":"/img/pensargrande.png","expectedPhysicalPath":"C:\\Users\\ECI-DIF-100\\Desktop\\Requisiciones\\Inventario.AplicacionWeb\\wwwroot\\img\\pensargrande.png","fileExists":true}}
{"sessionId":"4d7115","timestamp":1772213931451,"location":"Program.cs","message":"debug","data":{"hypothesisId":"F","requestPath":"/img/corazon.png","responseStatusCode":304}}
{"sessionId":"4d7115","timestamp":1772214000495,"location":"Program.cs","message":"debug","data":{"hypothesisId":"B,C","requestPath":"/img/corazon.png","expectedPhysicalPath":"C:\\Users\\ECI-DIF-100\\Desktop\\Requisiciones\\Inventario.AplicacionWeb\\wwwroot\\img\\corazon.png","fileExists":true}}
{"sessionId":"4d7115","timestamp":1772214000502,"location":"Program.cs","message":"debug","data":{"hypothesisId":"F","requestPath":"/img/corazon.png","responseStatusCode":200}}
{"sessionId":"4d7115","timestamp":1772214005903,"location":"Program.cs","message":"debug","data":{"hypothesisId":"B,C","requestPath":"/img/corazon.png","expectedPhysicalPath":"C:\\Users\\ECI-DIF-100\\Desktop\\Requisiciones\\Inventario.AplicacionWeb\\wwwroot\\img\\corazon.png","fileExists":true}}
{"sessionId":"4d7115","timestamp":1772214005904,"location":"Program.cs","message":"debug","data":{"hypothesisId":"B,C","requestPath":"/img/familias-dif.png","expectedPhysicalPath":"C:\\Users\\ECI-DIF-100\\Desktop\\Requisiciones\\Inventario.AplicacionWeb\\wwwroot\\img\\familias-dif.png","fileExists":true}}
{"sessionId":"4d7115","timestamp":1772214005909,"location":"Program.cs","message":"debug","data":{"hypothesisId":"F","requestPath":"/img/corazon.png","responseStatusCode":200}}
{"sessionId":"4d7115","timestamp":1772214007273,"location":"Program.cs","message":"debug","data":{"hypothesisId":"B,C","requestPath":"/img/corazon.png","expectedPhysicalPath":"C:\\Users\\ECI-DIF-100\\Desktop\\Requisiciones\\Inventario.AplicacionWeb\\wwwroot\\img\\corazon.png","fileExists":true}}
{"sessionId":"4d7115","timestamp":1772214007273,"location":"Program.cs","message":"debug","data":{"hypothesisId":"B,C","requestPath":"/img/pensargrande.png","expectedPhysicalPath":"C:\\Users\\ECI-DIF-100\\Desktop\\Requisiciones\\Inventario.AplicacionWeb\\wwwroot\\img\\pensargrande.png","fileExists":true}}
{"sessionId":"4d7115","timestamp":1772214007274,"location":"Program.cs","message":"debug","data":{"hypothesisId":"F","requestPath":"/img/corazon.png","responseStatusCode":304}}
{"sessionId":"4d7115","timestamp":1772214017569,"location":"Program.cs","message":"debug","data":{"hypothesisId":"B,C","requestPath":"/img/corazon.png","expectedPhysicalPath":"C:\\Users\\ECI-DIF-100\\Desktop\\Requisiciones\\Inventario.AplicacionWeb\\wwwroot\\img\\corazon.png","fileExists":true}}
{"sessionId":"4d7115","timestamp":1772214017570,"location":"Program.cs","message":"debug","data":{"hypothesisId":"F","requestPath":"/img/corazon.png","responseStatusCode":304}}
{"sessionId":"4d7115","timestamp":1772214018920,"location":"Program.cs","message":"debug","data":{"hypothesisId":"B,C","requestPath":"/img/corazon.png","expectedPhysicalPath":"C:\\Users\\ECI-DIF-100\\Desktop\\Requisiciones\\Inventario.AplicacionWeb\\wwwroot\\img\\corazon.png","fileExists":true}}
{"sessionId":"4d7115","timestamp":1772214018924,"location":"Program.cs","message":"debug","data":{"hypothesisId":"F","requestPath":"/img/corazon.png","responseStatusCode":200}}
{"sessionId":"4d7115","timestamp":1772214026740,"location":"Program.cs","message":"debug","data":{"hypothesisId":"B,C","requestPath":"/img/corazon.png","expectedPhysicalPath":"C:\\Users\\ECI-DIF-100\\Desktop\\Requisiciones\\Inventario.AplicacionWeb\\wwwroot\\img\\corazon.png","fileExists":true}}
{"sessionId":"4d7115","timestamp":1772214026741,"location":"Program.cs","message":"debug","data":{"hypothesisId":"B,C","requestPath":"/img/familias-dif.png","expectedPhysicalPath":"C:\\Users\\ECI-DIF-100\\Desktop\\Requisiciones\\Inventario.AplicacionWeb\\wwwroot\\img\\familias-dif.png","fileExists":true}}
{"sessionId":"4d7115","timestamp":1772214026746,"location":"Program.cs","message":"debug","data":{"hypothesisId":"F","requestPath":"/img/corazon.png","responseStatusCode":200}}
{"sessionId":"4d7115","timestamp":1772214028220,"location":"Program.cs","message":"debug","data":{"hypothesisId":"B,C","requestPath":"/img/corazon.png","expectedPhysicalPath":"C:\\Users\\ECI-DIF-100\\Desktop\\Requisiciones\\Inventario.AplicacionWeb\\wwwroot\\img\\corazon.png","fileExists":true}}
{"sessionId":"4d7115","timestamp":1772214028220,"location":"Program.cs","message":"debug","data":{"hypothesisId":"B,C","requestPath":"/img/pensargrande.png","expectedPhysicalPath":"C:\\Users\\ECI-DIF-100\\Desktop\\Requisiciones\\Inventario.AplicacionWeb\\wwwroot\\img\\pensargrande.png","fileExists":true}}
{"sessionId":"4d7115","timestamp":1772214028221,"location":"Program.cs","message":"debug","data":{"hypothesisId":"F","requestPath":"/img/corazon.png","responseStatusCode":304}}
{"sessionId":"4d7115","timestamp":1772214440086,"location":"Program.cs","message":"debug","data":{"hypothesisId":"B,C","requestPath":"/img/pensargrande.png","expectedPhysicalPath":"C:\\Users\\ECI-DIF-100\\Desktop\\Requisiciones\\Inventario.AplicacionWeb\\wwwroot\\img\\pensargrande.png","fileExists":true}}
{"sessionId":"4d7115","timestamp":1772214440086,"location":"Program.cs","message":"debug","data":{"hypothesisId":"F","requestPath":"/img/corazon.png","responseStatusCode":304}}
{"sessionId":"4d7115","timestamp":1772214441984,"location":"Program.cs","message":"debug","data":{"hypothesisId":"B,C","requestPath":"/img/corazon.png","expectedPhysicalPath":"C:\\Users\\ECI-DIF-100\\Desktop\\Requisiciones\\Inventario.AplicacionWeb\\wwwroot\\img\\corazon.png","fileExists":true}}
{"sessionId":"4d7115","timestamp":1772214441985,"location":"Program.cs","message":"debug","data":{"hypothesisId":"F","requestPath":"/img/corazon.png","responseStatusCode":304}}
{"sessionId":"4d7115","timestamp":1772214444492,"location":"Program.cs","message":"debug","data":{"hypothesisId":"B,C","requestPath":"/img/corazon.png","expectedPhysicalPath":"C:\\Users\\ECI-DIF-100\\Desktop\\Requisiciones\\Inventario.AplicacionWeb\\wwwroot\\img\\corazon.png","fileExists":true}}
{"sessionId":"4d7115","timestamp":1772214444498,"location":"Program.cs","message":"debug","data":{"hypothesisId":"F","requestPath":"/img/corazon.png","responseStatusCode":200}}
{"sessionId":"4d7115","timestamp":1772214447321,"location":"Program.cs","message":"debug","data":{"hypothesisId":"B,C","requestPath":"/img/corazon.png","expectedPhysicalPath":"C:\\Users\\ECI-DIF-100\\Desktop\\Requisiciones\\Inventario.AplicacionWeb\\wwwroot\\img\\corazon.png","fileExists":true}}
{"sessionId":"4d7115","timestamp":1772214447322,"location":"Program.cs","message":"debug","data":{"hypothesisId":"B,C","requestPath":"/img/pensargrande.png","expectedPhysicalPath":"C:\\Users\\ECI-DIF-100\\Desktop\\Requisiciones\\Inventario.AplicacionWeb\\wwwroot\\img\\pensargrande.png","fileExists":true}}
{"sessionId":"4d7115","timestamp":1772214447322,"location":"Program.cs","message":"debug","data":{"hypothesisId":"B,C","requestPath":"/img/familias-dif.png","expectedPhysicalPath":"C:\\Users\\ECI-DIF-100\\Desktop\\Requisiciones\\Inventario.AplicacionWeb\\wwwroot\\img\\familias-dif.png","fileExists":true}}
{"sessionId":"4d7115","timestamp":1772214447322,"location":"Program.cs","message":"debug","data":{"hypothesisId":"F","requestPath":"/img/corazon.png","responseStatusCode":304}}
{"sessionId":"4d7115","timestamp":1772214448467,"location":"Program.cs","message":"debug","data":{"hypothesisId":"B,C","requestPath":"/img/corazon.png","expectedPhysicalPath":"C:\\Users\\ECI-DIF-100\\Desktop\\Requisiciones\\Inventario.AplicacionWeb\\wwwroot\\img\\corazon.png","fileExists":true}}
{"sessionId":"4d7115","timestamp":1772214448468,"location":"Program.cs","message":"debug","data":{"hypothesisId":"B,C","requestPath":"/img/pensargrande.png","expectedPhysicalPath":"C:\\Users\\ECI-DIF-100\\Desktop\\Requisiciones\\Inventario.AplicacionWeb\\wwwroot\\img\\pensargrande.png","fileExists":true}}
{"sessionId":"4d7115","timestamp":1772214448471,"location":"Program.cs","message":"debug","data":{"hypothesisId":"F","requestPath":"/img/corazon.png","responseStatusCode":200}}
{"sessionId":"4d7115","timestamp":1772214450274,"location":"Program.cs","message":"debug","data":{"hypothesisId":"B,C","requestPath":"/img/corazon.png","expectedPhysicalPath":"C:\\Users\\ECI-DIF-100\\Desktop\\Requisiciones\\Inventario.AplicacionWeb\\wwwroot\\img\\corazon.png","fileExists":true}}
{"sessionId":"4d7115","timestamp":1772214450275,"location":"Program.cs","message":"debug","data":{"hypothesisId":"F","requestPath":"/img/corazon.png","responseStatusCode":304}}
{"sessionId":"4d7115","timestamp":1772214454941,"location":"Program.cs","message":"debug","data":{"hypothesisId":"B,C","requestPath":"/img/familias-dif.png","expectedPhysicalPath":"C:\\Users\\ECI-DIF-100\\Desktop\\Requisiciones\\Inventario.AplicacionWeb\\wwwroot\\img\\familias-dif.png","fileExists":true}}
{"sessionId":"4d7115","timestamp":1772214454942,"location":"Program.cs","message":"debug","data":{"hypothesisId":"F","requestPath":"/img/corazon.png","responseStatusCode":304}}
{"sessionId":"4d7115","timestamp":1772214455572,"location":"Program.cs","message":"debug","data":{"hypothesisId":"B,C","requestPath":"/img/corazon.png","expectedPhysicalPath":"C:\\Users\\ECI-DIF-100\\Desktop\\Requisiciones\\Inventario.AplicacionWeb\\wwwroot\\img\\corazon.png","fileExists":true}}
{"sessionId":"4d7115","timestamp":1772214455573,"location":"Program.cs","message":"debug","data":{"hypothesisId":"F","requestPath":"/img/corazon.png","responseStatusCode":304}}
{"sessionId":"4d7115","timestamp":1772214456101,"location":"Program.cs","message":"debug","data":{"hypothesisId":"B,C","requestPath":"/img/corazon.png","expectedPhysicalPath":"C:\\Users\\ECI-DIF-100\\Desktop\\Requisiciones\\Inventario.AplicacionWeb\\wwwroot\\img\\corazon.png","fileExists":true}}
{"sessionId":"4d7115","timestamp":1772214456102,"location":"Program.cs","message":"debug","data":{"hypothesisId":"F","requestPath":"/img/corazon.png","responseStatusCode":304}}
{"sessionId":"4d7115","timestamp":1772214456102,"location":"Program.cs","message":"debug","data":{"hypothesisId":"B,C","requestPath":"/img/pensargrande.png","expectedPhysicalPath":"C:\\Users\\ECI-DIF-100\\Desktop\\Requisiciones\\Inventario.AplicacionWeb\\wwwroot\\img\\pensargrande.png","fileExists":true}}
{"sessionId":"4d7115","timestamp":1772214457959,"location":"Program.cs","message":"debug","data":{"hypothesisId":"B,C","requestPath":"/img/corazon.png","expectedPhysicalPath":"C:\\Users\\ECI-DIF-100\\Desktop\\Requisiciones\\Inventario.AplicacionWeb\\wwwroot\\img\\corazon.png","fileExists":true}}
{"sessionId":"4d7115","timestamp":1772214457959,"location":"Program.cs","message":"debug","data":{"hypothesisId":"B,C","requestPath":"/img/familias-dif.png","expectedPhysicalPath":"C:\\Users\\ECI-DIF-100\\Desktop\\Requisiciones\\Inventario.AplicacionWeb\\wwwroot\\img\\familias-dif.png","fileExists":true}}
{"sessionId":"4d7115","timestamp":1772214457960,"location":"Program.cs","message":"debug","data":{"hypothesisId":"F","requestPath":"/img/corazon.png","responseStatusCode":304}}
{"sessionId":"4d7115","timestamp":1772214458607,"location":"Program.cs","message":"debug","data":{"hypothesisId":"B,C","requestPath":"/img/pensargrande.png","expectedPhysicalPath":"C:\\Users\\ECI-DIF-100\\Desktop\\Requisiciones\\Inventario.AplicacionWeb\\wwwroot\\img\\pensargrande.png","fileExists":true}}
{"sessionId":"4d7115","timestamp":1772214458608,"location":"Program.cs","message":"debug","data":{"hypothesisId":"F","requestPath":"/img/corazon.png","responseStatusCode":304}}
{"sessionId":"4d7115","timestamp":1772214459304,"location":"Program.cs","message":"debug","data":{"hypothesisId":"B,C","requestPath":"/img/familias-dif.png","expectedPhysicalPath":"C:\\Users\\ECI-DIF-100\\Desktop\\Requisiciones\\Inventario.AplicacionWeb\\wwwroot\\img\\familias-dif.png","fileExists":true}}
{"sessionId":"4d7115","timestamp":1772214459304,"location":"Program.cs","message":"debug","data":{"hypothesisId":"F","requestPath":"/img/corazon.png","responseStatusCode":304}}
{"sessionId":"4d7115","timestamp":1772214459873,"location":"Program.cs","message":"debug","data":{"hypothesisId":"B,C","requestPath":"/img/corazon.png","expectedPhysicalPath":"C:\\Users\\ECI-DIF-100\\Desktop\\Requisiciones\\Inventario.AplicacionWeb\\wwwroot\\img\\corazon.png","fileExists":true}}
{"sessionId":"4d7115","timestamp":1772214459874,"location":"Program.cs","message":"debug","data":{"hypothesisId":"F","requestPath":"/img/corazon.png","responseStatusCode":304}}
{"sessionId":"4d7115","timestamp":1772214461018,"location":"Program.cs","message":"debug","data":{"hypothesisId":"B,C","requestPath":"/img/corazon.png","expectedPhysicalPath":"C:\\Users\\ECI-DIF-100\\Desktop\\Requisiciones\\Inventario.AplicacionWeb\\wwwroot\\img\\corazon.png","fileExists":true}}
{"sessionId":"4d7115","timestamp":1772214461020,"location":"Program.cs","message":"debug","data":{"hypothesisId":"F","requestPath":"/img/corazon.png","responseStatusCode":304}}
{"sessionId":"4d7115","timestamp":1772214461786,"location":"Program.cs","message":"debug","data":{"hypothesisId":"B,C","requestPath":"/img/corazon.png","expectedPhysicalPath":"C:\\Users\\ECI-DIF-100\\Desktop\\Requisiciones\\Inventario.AplicacionWeb\\wwwroot\\img\\corazon.png","fileExists":true}}
{"sessionId":"4d7115","timestamp":1772214461787,"location":"Program.cs","message":"debug","data":{"hypothesisId":"F","requestPath":"/img/corazon.png","responseStatusCode":304}}
{"sessionId":"4d7115","timestamp":1772214462366,"location":"Program.cs","message":"debug","data":{"hypothesisId":"B,C","requestPath":"/img/familias-dif.png","expectedPhysicalPath":"C:\\Users\\ECI-DIF-100\\Desktop\\Requisiciones\\Inventario.AplicacionWeb\\wwwroot\\img\\familias-dif.png","fileExists":true}}
{"sessionId":"4d7115","timestamp":1772214462367,"location":"Program.cs","message":"debug","data":{"hypothesisId":"F","requestPath":"/img/corazon.png","responseStatusCode":304}}
{"sessionId":"4d7115","timestamp":1772214463687,"location":"Program.cs","message":"debug","data":{"hypothesisId":"B,C","requestPath":"/img/pensargrande.png","expectedPhysicalPath":"C:\\Users\\ECI-DIF-100\\Desktop\\Requisiciones\\Inventario.AplicacionWeb\\wwwroot\\img\\pensargrande.png","fileExists":true}}
{"sessionId":"4d7115","timestamp":1772214463689,"location":"Program.cs","message":"debug","data":{"hypothesisId":"B,C","requestPath":"/img/familias-dif.png","expectedPhysicalPath":"C:\\Users\\ECI-DIF-100\\Desktop\\Requisiciones\\Inventario.AplicacionWeb\\wwwroot\\img\\familias-dif.png","fileExists":true}}
{"sessionId":"4d7115","timestamp":1772214463691,"location":"Program.cs","message":"debug","data":{"hypothesisId":"F","requestPath":"/img/corazon.png","responseStatusCode":304}}
{"sessionId":"4d7115","timestamp":1772214464560,"location":"Program.cs","message":"debug","data":{"hypothesisId":"B,C","requestPath":"/img/pensargrande.png","expectedPhysicalPath":"C:\\Users\\ECI-DIF-100\\Desktop\\Requisiciones\\Inventario.AplicacionWeb\\wwwroot\\img\\pensargrande.png","fileExists":true}}
{"sessionId":"4d7115","timestamp":1772214464561,"location":"Program.cs","message":"debug","data":{"hypothesisId":"F","requestPath":"/img/corazon.png","responseStatusCode":304}}
{"sessionId":"4d7115","timestamp":1772214466191,"location":"Program.cs","message":"debug","data":{"hypothesisId":"B,C","requestPath":"/img/corazon.png","expectedPhysicalPath":"C:\\Users\\ECI-DIF-100\\Desktop\\Requisiciones\\Inventario.AplicacionWeb\\wwwroot\\img\\corazon.png","fileExists":true}}
{"sessionId":"4d7115","timestamp":1772214466191,"location":"Program.cs","message":"debug","data":{"hypothesisId":"B,C","requestPath":"/img/familias-dif.png","expectedPhysicalPath":"C:\\Users\\ECI-DIF-100\\Desktop\\Requisiciones\\Inventario.AplicacionWeb\\wwwroot\\img\\familias-dif.png","fileExists":true}}
{"sessionId":"4d7115","timestamp":1772214466192,"location":"Program.cs","message":"debug","data":{"hypothesisId":"F","requestPath":"/img/corazon.png","responseStatusCode":304}}
{"sessionId":"4d7115","timestamp":1772214466869,"location":"Program.cs","message":"debug","data":{"hypothesisId":"B,C","requestPath":"/img/corazon.png","expectedPhysicalPath":"C:\\Users\\ECI-DIF-100\\Desktop\\Requisiciones\\Inventario.AplicacionWeb\\wwwroot\\img\\corazon.png","fileExists":true}}
{"sessionId":"4d7115","timestamp":1772214466870,"location":"Program.cs","message":"debug","data":{"hypothesisId":"F","requestPath":"/img/corazon.png","responseStatusCode":304}}
{"sessionId":"4d7115","timestamp":1772214466872,"location":"Program.cs","message":"debug","data":{"hypothesisId":"B,C","requestPath":"/img/pensargrande.png","expectedPhysicalPath":"C:\\Users\\ECI-DIF-100\\Desktop\\Requisiciones\\Inventario.AplicacionWeb\\wwwroot\\img\\pensargrande.png","fileExists":true}}
{"sessionId":"4d7115","timestamp":1772214467526,"location":"Program.cs","message":"debug","data":{"hypothesisId":"B,C","requestPath":"/img/familias-dif.png","expectedPhysicalPath":"C:\\Users\\ECI-DIF-100\\Desktop\\Requisiciones\\Inventario.AplicacionWeb\\wwwroot\\img\\familias-dif.png","fileExists":true}}
{"sessionId":"4d7115","timestamp":1772214467527,"location":"Program.cs","message":"debug","data":{"hypothesisId":"F","requestPath":"/img/corazon.png","responseStatusCode":304}}
{"sessionId":"4d7115","timestamp":1772214468088,"location":"Program.cs","message":"debug","data":{"hypothesisId":"B,C","requestPath":"/img/corazon.png","expectedPhysicalPath":"C:\\Users\\ECI-DIF-100\\Desktop\\Requisiciones\\Inventario.AplicacionWeb\\wwwroot\\img\\corazon.png","fileExists":true}}
{"sessionId":"4d7115","timestamp":1772214468089,"location":"Program.cs","message":"debug","data":{"hypothesisId":"F","requestPath":"/img/corazon.png","responseStatusCode":304}}
{"sessionId":"4d7115","timestamp":1772214468090,"location":"Program.cs","message":"debug","data":{"hypothesisId":"B,C","requestPath":"/img/familias-dif.png","expectedPhysicalPath":"C:\\Users\\ECI-DIF-100\\Desktop\\Requisiciones\\Inventario.AplicacionWeb\\wwwroot\\img\\familias-dif.png","fileExists":true}}
{"sessionId":"4d7115","timestamp":1772214468095,"location":"Program.cs","message":"debug","data":{"hypothesisId":"B,C","requestPath":"/img/pensargrande.png","expectedPhysicalPath":"C:\\Users\\ECI-DIF-100\\Desktop\\Requisiciones\\Inventario.AplicacionWeb\\wwwroot\\img\\pensargrande.png","fileExists":true}}
{"sessionId":"4d7115","timestamp":1772214468543,"location":"Program.cs","message":"debug","data":{"hypothesisId":"B,C","requestPath":"/img/familias-dif.png","expectedPhysicalPath":"C:\\Users\\ECI-DIF-100\\Desktop\\Requisiciones\\Inventario.AplicacionWeb\\wwwroot\\img\\familias-dif.png","fileExists":true}}
{"sessionId":"4d7115","timestamp":1772214468544,"location":"Program.cs","message":"debug","data":{"hypothesisId":"F","requestPath":"/img/corazon.png","responseStatusCode":304}}
{"sessionId":"4d7115","timestamp":1772214469102,"location":"Program.cs","message":"debug","data":{"hypothesisId":"B,C","requestPath":"/img/familias-dif.png","expectedPhysicalPath":"C:\\Users\\ECI-DIF-100\\Desktop\\Requisiciones\\Inventario.AplicacionWeb\\wwwroot\\img\\familias-dif.png","fileExists":true}}
{"sessionId":"4d7115","timestamp":1772214469103,"location":"Program.cs","message":"debug","data":{"hypothesisId":"F","requestPath":"/img/corazon.png","responseStatusCode":304}}
{"sessionId":"4d7115","timestamp":1772214469540,"location":"Program.cs","message":"debug","data":{"hypothesisId":"B,C","requestPath":"/img/corazon.png","expectedPhysicalPath":"C:\\Users\\ECI-DIF-100\\Desktop\\Requisiciones\\Inventario.AplicacionWeb\\wwwroot\\img\\corazon.png","fileExists":true}}
{"sessionId":"4d7115","timestamp":1772214469541,"location":"Program.cs","message":"debug","data":{"hypothesisId":"B,C","requestPath":"/img/pensargrande.png","expectedPhysicalPath":"C:\\Users\\ECI-DIF-100\\Desktop\\Requisiciones\\Inventario.AplicacionWeb\\wwwroot\\img\\pensargrande.png","fileExists":true}}
{"sessionId":"4d7115","timestamp":1772214469542,"location":"Program.cs","message":"debug","data":{"hypothesisId":"F","requestPath":"/img/corazon.png","responseStatusCode":304}}
{"sessionId":"4d7115","timestamp":1772214470038,"location":"Program.cs","message":"debug","data":{"hypothesisId":"B,C","requestPath":"/img/familias-dif.png","expectedPhysicalPath":"C:\\Users\\ECI-DIF-100\\Desktop\\Requisiciones\\Inventario.AplicacionWeb\\wwwroot\\img\\familias-dif.png","fileExists":true}}
{"sessionId":"4d7115","timestamp":1772214470039,"location":"Program.cs","message":"debug","data":{"hypothesisId":"F","requestPath":"/img/corazon.png","responseStatusCode":304}}
{"sessionId":"4d7115","timestamp":1772214486627,"location":"Program.cs","message":"debug","data":{"hypothesisId":"B,C","requestPath":"/img/corazon.png","expectedPhysicalPath":"C:\\Users\\ECI-DIF-100\\Desktop\\Requisiciones\\Inventario.AplicacionWeb\\wwwroot\\img\\corazon.png","fileExists":true}}
{"sessionId":"4d7115","timestamp":1772214486629,"location":"Program.cs","message":"debug","data":{"hypothesisId":"F","requestPath":"/img/corazon.png","responseStatusCode":304}}
{"sessionId":"4d7115","timestamp":1772214486630,"location":"Program.cs","message":"debug","data":{"hypothesisId":"B,C","requestPath":"/img/familias-dif.png","expectedPhysicalPath":"C:\\Users\\ECI-DIF-100\\Desktop\\Requisiciones\\Inventario.AplicacionWeb\\wwwroot\\img\\familias-dif.png","fileExists":true}}
{"sessionId":"4d7115","timestamp":1772214486635,"location":"Program.cs","message":"debug","data":{"hypothesisId":"B,C","requestPath":"/img/pensargrande.png","expectedPhysicalPath":"C:\\Users\\ECI-DIF-100\\Desktop\\Requisiciones\\Inventario.AplicacionWeb\\wwwroot\\img\\pensargrande.png","fileExists":true}}
{"sessionId":"4d7115","timestamp":1772214487291,"location":"Program.cs","message":"debug","data":{"hypothesisId":"B,C","requestPath":"/img/corazon.png","expectedPhysicalPath":"C:\\Users\\ECI-DIF-100\\Desktop\\Requisiciones\\Inventario.AplicacionWeb\\wwwroot\\img\\corazon.png","fileExists":true}}
{"sessionId":"4d7115","timestamp":1772214487292,"location":"Program.cs","message":"debug","data":{"hypothesisId":"F","requestPath":"/img/corazon.png","responseStatusCode":304}}
{"sessionId":"4d7115","timestamp":1772214487292,"location":"Program.cs","message":"debug","data":{"hypothesisId":"B,C","requestPath":"/img/familias-dif.png","expectedPhysicalPath":"C:\\Users\\ECI-DIF-100\\Desktop\\Requisiciones\\Inventario.AplicacionWeb\\wwwroot\\img\\familias-dif.png","fileExists":true}}
{"sessionId":"4d7115","timestamp":1772214488111,"location":"Program.cs","message":"debug","data":{"hypothesisId":"B,C","requestPath":"/img/corazon.png","expectedPhysicalPath":"C:\\Users\\ECI-DIF-100\\Desktop\\Requisiciones\\Inventario.AplicacionWeb\\wwwroot\\img\\corazon.png","fileExists":true}}
{"sessionId":"4d7115","timestamp":1772214488113,"location":"Program.cs","message":"debug","data":{"hypothesisId":"F","requestPath":"/img/corazon.png","responseStatusCode":304}}
{"sessionId":"4d7115","timestamp":1772214641800,"location":"Program.cs","message":"debug","data":{"hypothesisId":"B,C","requestPath":"/img/corazon.png","expectedPhysicalPath":"C:\\Users\\ECI-DIF-100\\Desktop\\Requisiciones\\Inventario.AplicacionWeb\\wwwroot\\img\\corazon.png","fileExists":true}}
{"sessionId":"4d7115","timestamp":1772214641801,"location":"Program.cs","message":"debug","data":{"hypothesisId":"F","requestPath":"/img/corazon.png","responseStatusCode":304}}
{"sessionId":"4d7115","timestamp":1772214642685,"location":"Program.cs","message":"debug","data":{"hypothesisId":"B,C","requestPath":"/img/corazon.png","expectedPhysicalPath":"C:\\Users\\ECI-DIF-100\\Desktop\\Requisiciones\\Inventario.AplicacionWeb\\wwwroot\\img\\corazon.png","fileExists":true}}
{"sessionId":"4d7115","timestamp":1772214642687,"location":"Program.cs","message":"debug","data":{"hypothesisId":"F","requestPath":"/img/corazon.png","responseStatusCode":304}}
{"sessionId":"4d7115","timestamp":1772214643456,"location":"Program.cs","message":"debug","data":{"hypothesisId":"B,C","requestPath":"/img/familias-dif.png","expectedPhysicalPath":"C:\\Users\\ECI-DIF-100\\Desktop\\Requisiciones\\Inventario.AplicacionWeb\\wwwroot\\img\\familias-dif.png","fileExists":true}}
{"sessionId":"4d7115","timestamp":1772214643457,"location":"Program.cs","message":"debug","data":{"hypothesisId":"F","requestPath":"/img/corazon.png","responseStatusCode":304}}
{"sessionId":"4d7115","timestamp":1772214738551,"location":"Program.cs","message":"debug","data":{"hypothesisId":"B,C","requestPath":"/img/corazon.png","expectedPhysicalPath":"C:\\Users\\ECI-DIF-100\\Desktop\\Requisiciones\\Inventario.AplicacionWeb\\wwwroot\\img\\corazon.png","fileExists":true}}
{"sessionId":"4d7115","timestamp":1772214738553,"location":"Program.cs","message":"debug","data":{"hypothesisId":"B,C","requestPath":"/img/pensargrande.png","expectedPhysicalPath":"C:\\Users\\ECI-DIF-100\\Desktop\\Requisiciones\\Inventario.AplicacionWeb\\wwwroot\\img\\pensargrande.png","fileExists":true}}
{"sessionId":"4d7115","timestamp":1772214738553,"location":"Program.cs","message":"debug","data":{"hypothesisId":"F","requestPath":"/img/corazon.png","responseStatusCode":304}}
{"sessionId":"4d7115","timestamp":1772214744356,"location":"Program.cs","message":"debug","data":{"hypothesisId":"B,C","requestPath":"/img/corazon.png","expectedPhysicalPath":"C:\\Users\\ECI-DIF-100\\Desktop\\Requisiciones\\Inventario.AplicacionWeb\\wwwroot\\img\\corazon.png","fileExists":true}}
{"sessionId":"4d7115","timestamp":1772214744360,"location":"Program.cs","message":"debug","data":{"hypothesisId":"F","requestPath":"/img/corazon.png","responseStatusCode":304}}
{"sessionId":"4d7115","timestamp":1772214745044,"location":"Program.cs","message":"debug","data":{"hypothesisId":"B,C","requestPath":"/img/corazon.png","expectedPhysicalPath":"C:\\Users\\ECI-DIF-100\\Desktop\\Requisiciones\\Inventario.AplicacionWeb\\wwwroot\\img\\corazon.png","fileExists":true}}
{"sessionId":"4d7115","timestamp":1772214745046,"location":"Program.cs","message":"debug","data":{"hypothesisId":"F","requestPath":"/img/corazon.png","responseStatusCode":304}}
{"sessionId":"4d7115","timestamp":1772214746008,"location":"Program.cs","message":"debug","data":{"hypothesisId":"B,C","requestPath":"/img/familias-dif.png","expectedPhysicalPath":"C:\\Users\\ECI-DIF-100\\Desktop\\Requisiciones\\Inventario.AplicacionWeb\\wwwroot\\img\\familias-dif.png","fileExists":true}}
{"sessionId":"4d7115","timestamp":1772214746010,"location":"Program.cs","message":"debug","data":{"hypothesisId":"F","requestPath":"/img/corazon.png","responseStatusCode":304}}
{"sessionId":"4d7115","timestamp":1772214746934,"location":"Program.cs","message":"debug","data":{"hypothesisId":"B,C","requestPath":"/img/corazon.png","expectedPhysicalPath":"C:\\Users\\ECI-DIF-100\\Desktop\\Requisiciones\\Inventario.AplicacionWeb\\wwwroot\\img\\corazon.png","fileExists":true}}
{"sessionId":"4d7115","timestamp":1772214746934,"location":"Program.cs","message":"debug","data":{"hypothesisId":"B,C","requestPath":"/img/pensargrande.png","expectedPhysicalPath":"C:\\Users\\ECI-DIF-100\\Desktop\\Requisiciones\\Inventario.AplicacionWeb\\wwwroot\\img\\pensargrande.png","fileExists":true}}
{"sessionId":"4d7115","timestamp":1772214746935,"location":"Program.cs","message":"debug","data":{"hypothesisId":"F","requestPath":"/img/corazon.png","responseStatusCode":304}}
{"sessionId":"4d7115","timestamp":1772214747525,"location":"Program.cs","message":"debug","data":{"hypothesisId":"B,C","requestPath":"/img/familias-dif.png","expectedPhysicalPath":"C:\\Users\\ECI-DIF-100\\Desktop\\Requisiciones\\Inventario.AplicacionWeb\\wwwroot\\img\\familias-dif.png","fileExists":true}}
{"sessionId":"4d7115","timestamp":1772214747526,"location":"Program.cs","message":"debug","data":{"hypothesisId":"F","requestPath":"/img/corazon.png","responseStatusCode":304}}
{"sessionId":"4d7115","timestamp":1772214747855,"location":"Program.cs","message":"debug","data":{"hypothesisId":"B,C","requestPath":"/img/corazon.png","expectedPhysicalPath":"C:\\Users\\ECI-DIF-100\\Desktop\\Requisiciones\\Inventario.AplicacionWeb\\wwwroot\\img\\corazon.png","fileExists":true}}
{"sessionId":"4d7115","timestamp":1772214747856,"location":"Program.cs","message":"debug","data":{"hypothesisId":"F","requestPath":"/img/corazon.png","responseStatusCode":304}}
{"sessionId":"4d7115","timestamp":1772214749553,"location":"Program.cs","message":"debug","data":{"hypothesisId":"B,C","requestPath":"/img/corazon.png","expectedPhysicalPath":"C:\\Users\\ECI-DIF-100\\Desktop\\Requisiciones\\Inventario.AplicacionWeb\\wwwroot\\img\\corazon.png","fileExists":true}}
{"sessionId":"4d7115","timestamp":1772214749554,"location":"Program.cs","message":"debug","data":{"hypothesisId":"F","requestPath":"/img/corazon.png","responseStatusCode":304}}
{"sessionId":"4d7115","timestamp":1772214750107,"location":"Program.cs","message":"debug","data":{"hypothesisId":"B,C","requestPath":"/img/corazon.png","expectedPhysicalPath":"C:\\Users\\ECI-DIF-100\\Desktop\\Requisiciones\\Inventario.AplicacionWeb\\wwwroot\\img\\corazon.png","fileExists":true}}
{"sessionId":"4d7115","timestamp":1772214750108,"location":"Program.cs","message":"debug","data":{"hypothesisId":"B,C","requestPath":"/img/familias-dif.png","expectedPhysicalPath":"C:\\Users\\ECI-DIF-100\\Desktop\\Requisiciones\\Inventario.AplicacionWeb\\wwwroot\\img\\familias-dif.png","fileExists":true}}
{"sessionId":"4d7115","timestamp":1772214750108,"location":"Program.cs","message":"debug","data":{"hypothesisId":"F","requestPath":"/img/corazon.png","responseStatusCode":304}}
{"sessionId":"4d7115","timestamp":1772214752033,"location":"Program.cs","message":"debug","data":{"hypothesisId":"B,C","requestPath":"/img/corazon.png","expectedPhysicalPath":"C:\\Users\\ECI-DIF-100\\Desktop\\Requisiciones\\Inventario.AplicacionWeb\\wwwroot\\img\\corazon.png","fileExists":true}}
{"sessionId":"4d7115","timestamp":1772214752037,"location":"Program.cs","message":"debug","data":{"hypothesisId":"F","requestPath":"/img/corazon.png","responseStatusCode":200}}
{"sessionId":"4d7115","timestamp":1772214761625,"location":"Program.cs","message":"debug","data":{"hypothesisId":"B,C","requestPath":"/img/corazon.png","expectedPhysicalPath":"C:\\Users\\ECI-DIF-100\\Desktop\\Requisiciones\\Inventario.AplicacionWeb\\wwwroot\\img\\corazon.png","fileExists":true}}
{"sessionId":"4d7115","timestamp":1772214761626,"location":"Program.cs","message":"debug","data":{"hypothesisId":"B,C","requestPath":"/img/pensargrande.png","expectedPhysicalPath":"C:\\Users\\ECI-DIF-100\\Desktop\\Requisiciones\\Inventario.AplicacionWeb\\wwwroot\\img\\pensargrande.png","fileExists":true}}
{"sessionId":"4d7115","timestamp":1772214761631,"location":"Program.cs","message":"debug","data":{"hypothesisId":"F","requestPath":"/img/corazon.png","responseStatusCode":200}}
{"sessionId":"4d7115","timestamp":1772214762990,"location":"Program.cs","message":"debug","data":{"hypothesisId":"B,C","requestPath":"/img/familias-dif.png","expectedPhysicalPath":"C:\\Users\\ECI-DIF-100\\Desktop\\Requisiciones\\Inventario.AplicacionWeb\\wwwroot\\img\\familias-dif.png","fileExists":true}}
{"sessionId":"4d7115","timestamp":1772214762991,"location":"Program.cs","message":"debug","data":{"hypothesisId":"F","requestPath":"/img/corazon.png","responseStatusCode":304}}
{"sessionId":"4d7115","timestamp":1772214764443,"location":"Program.cs","message":"debug","data":{"hypothesisId":"B,C","requestPath":"/img/pensargrande.png","expectedPhysicalPath":"C:\\Users\\ECI-DIF-100\\Desktop\\Requisiciones\\Inventario.AplicacionWeb\\wwwroot\\img\\pensargrande.png","fileExists":true}}
{"sessionId":"4d7115","timestamp":1772214764444,"location":"Program.cs","message":"debug","data":{"hypothesisId":"F","requestPath":"/img/corazon.png","responseStatusCode":304}}
{"sessionId":"4d7115","timestamp":1772214765677,"location":"Program.cs","message":"debug","data":{"hypothesisId":"B,C","requestPath":"/img/pensargrande.png","expectedPhysicalPath":"C:\\Users\\ECI-DIF-100\\Desktop\\Requisiciones\\Inventario.AplicacionWeb\\wwwroot\\img\\pensargrande.png","fileExists":true}}
{"sessionId":"4d7115","timestamp":1772214765678,"location":"Program.cs","message":"debug","data":{"hypothesisId":"F","requestPath":"/img/corazon.png","responseStatusCode":304}}
{"sessionId":"4d7115","timestamp":1772214946268,"location":"Program.cs","message":"debug","data":{"hypothesisId":"B,C","requestPath":"/img/pensargrande.png","expectedPhysicalPath":"C:\\Users\\ECI-DIF-100\\Desktop\\Requisiciones\\Inventario.AplicacionWeb\\wwwroot\\img\\pensargrande.png","fileExists":true}}
{"sessionId":"4d7115","timestamp":1772214946271,"location":"Program.cs","message":"debug","data":{"hypothesisId":"F","requestPath":"/img/corazon.png","responseStatusCode":304}}
{"sessionId":"4d7115","timestamp":1772214949124,"location":"Program.cs","message":"debug","data":{"hypothesisId":"B,C","requestPath":"/img/pensargrande.png","expectedPhysicalPath":"C:\\Users\\ECI-DIF-100\\Desktop\\Requisiciones\\Inventario.AplicacionWeb\\wwwroot\\img\\pensargrande.png","fileExists":true}}
{"sessionId":"4d7115","timestamp":1772214949125,"location":"Program.cs","message":"debug","data":{"hypothesisId":"F","requestPath":"/img/corazon.png","responseStatusCode":304}}
{"sessionId":"4d7115","timestamp":1772215062317,"location":"Program.cs","message":"debug","data":{"hypothesisId":"B,C","requestPath":"/img/familias-dif.png","expectedPhysicalPath":"C:\\Users\\ECI-DIF-100\\Desktop\\Requisiciones\\Inventario.AplicacionWeb\\wwwroot\\img\\familias-dif.png","fileExists":true}}
{"sessionId":"4d7115","timestamp":1772215062318,"location":"Program.cs","message":"debug","data":{"hypothesisId":"F","requestPath":"/img/corazon.png","responseStatusCode":304}}
{"sessionId":"4d7115","timestamp":1772215062319,"location":"Program.cs","message":"debug","data":{"hypothesisId":"B,C","requestPath":"/img/pensargrande.png","expectedPhysicalPath":"C:\\Users\\ECI-DIF-100\\Desktop\\Requisiciones\\Inventario.AplicacionWeb\\wwwroot\\img\\pensargrande.png","fileExists":true}}
{"sessionId":"4d7115","timestamp":1772215064254,"location":"Program.cs","message":"debug","data":{"hypothesisId":"B,C","requestPath":"/img/corazon.png","expectedPhysicalPath":"C:\\Users\\ECI-DIF-100\\Desktop\\Requisiciones\\Inventario.AplicacionWeb\\wwwroot\\img\\corazon.png","fileExists":true}}
{"sessionId":"4d7115","timestamp":1772215064255,"location":"Program.cs","message":"debug","data":{"hypothesisId":"F","requestPath":"/img/corazon.png","responseStatusCode":304}}
{"sessionId":"4d7115","timestamp":1772215068373,"location":"Program.cs","message":"debug","data":{"hypothesisId":"B,C","requestPath":"/img/corazon.png","expectedPhysicalPath":"C:\\Users\\ECI-DIF-100\\Desktop\\Requisiciones\\Inventario.AplicacionWeb\\wwwroot\\img\\corazon.png","fileExists":true}}
{"sessionId":"4d7115","timestamp":1772215068376,"location":"Program.cs","message":"debug","data":{"hypothesisId":"B,C","requestPath":"/img/pensargrande.png","expectedPhysicalPath":"C:\\Users\\ECI-DIF-100\\Desktop\\Requisiciones\\Inventario.AplicacionWeb\\wwwroot\\img\\pensargrande.png","fileExists":true}}
{"sessionId":"4d7115","timestamp":1772215070470,"location":"Program.cs","message":"debug","data":{"hypothesisId":"B,C","requestPath":"/img/pensargrande.png","expectedPhysicalPath":"C:\\Users\\ECI-DIF-100\\Desktop\\Requisiciones\\Inventario.AplicacionWeb\\wwwroot\\img\\pensargrande.png","fileExists":true}}
{"sessionId":"4d7115","timestamp":1772215070473,"location":"Program.cs","message":"debug","data":{"hypothesisId":"F","requestPath":"/img/corazon.png","responseStatusCode":304}}
{"sessionId":"4d7115","timestamp":1772215072673,"location":"Program.cs","message":"debug","data":{"hypothesisId":"B,C","requestPath":"/img/corazon.png","expectedPhysicalPath":"C:\\Users\\ECI-DIF-100\\Desktop\\Requisiciones\\Inventario.AplicacionWeb\\wwwroot\\img\\corazon.png","fileExists":true}}
{"sessionId":"4d7115","timestamp":1772215072676,"location":"Program.cs","message":"debug","data":{"hypothesisId":"F","requestPath":"/img/corazon.png","responseStatusCode":304}}
{"sessionId":"4d7115","timestamp":1772215073955,"location":"Program.cs","message":"debug","data":{"hypothesisId":"B,C","requestPath":"/img/familias-dif.png","expectedPhysicalPath":"C:\\Users\\ECI-DIF-100\\Desktop\\Requisiciones\\Inventario.AplicacionWeb\\wwwroot\\img\\familias-dif.png","fileExists":true}}
{"sessionId":"4d7115","timestamp":1772215073958,"location":"Program.cs","message":"debug","data":{"hypothesisId":"F","requestPath":"/img/corazon.png","responseStatusCode":304}}
{"sessionId":"4d7115","timestamp":1772215073960,"location":"Program.cs","message":"debug","data":{"hypothesisId":"B,C","requestPath":"/img/pensargrande.png","expectedPhysicalPath":"C:\\Users\\ECI-DIF-100\\Desktop\\Requisiciones\\Inventario.AplicacionWeb\\wwwroot\\img\\pensargrande.png","fileExists":true}}
{"sessionId":"4d7115","timestamp":1772215090268,"location":"Program.cs","message":"debug","data":{"hypothesisId":"B,C","requestPath":"/img/corazon.png","expectedPhysicalPath":"C:\\Users\\ECI-DIF-100\\Desktop\\Requisiciones\\Inventario.AplicacionWeb\\wwwroot\\img\\corazon.png","fileExists":true}}
{"sessionId":"4d7115","timestamp":1772215090270,"location":"Program.cs","message":"debug","data":{"hypothesisId":"F","requestPath":"/img/corazon.png","responseStatusCode":304}}
{"sessionId":"4d7115","timestamp":1772215104817,"location":"Program.cs","message":"debug","data":{"hypothesisId":"B,C","requestPath":"/img/familias-dif.png","expectedPhysicalPath":"C:\\Users\\ECI-DIF-100\\Desktop\\Requisiciones\\Inventario.AplicacionWeb\\wwwroot\\img\\familias-dif.png","fileExists":true}}
{"sessionId":"4d7115","timestamp":1772215104820,"location":"Program.cs","message":"debug","data":{"hypothesisId":"B,C","requestPath":"/img/pensargrande.png","expectedPhysicalPath":"C:\\Users\\ECI-DIF-100\\Desktop\\Requisiciones\\Inventario.AplicacionWeb\\wwwroot\\img\\pensargrande.png","fileExists":true}}
{"sessionId":"4d7115","timestamp":1772215104820,"location":"Program.cs","message":"debug","data":{"hypothesisId":"F","requestPath":"/img/corazon.png","responseStatusCode":304}}
{"sessionId":"4d7115","timestamp":1772215108405,"location":"Program.cs","message":"debug","data":{"hypothesisId":"B,C","requestPath":"/img/familias-dif.png","expectedPhysicalPath":"C:\\Users\\ECI-DIF-100\\Desktop\\Requisiciones\\Inventario.AplicacionWeb\\wwwroot\\img\\familias-dif.png","fileExists":true}}
{"sessionId":"4d7115","timestamp":1772215108406,"location":"Program.cs","message":"debug","data":{"hypothesisId":"F","requestPath":"/img/corazon.png","responseStatusCode":304}}
{"sessionId":"4d7115","timestamp":1772215129372,"location":"Program.cs","message":"debug","data":{"hypothesisId":"B,C","requestPath":"/img/corazon.png","expectedPhysicalPath":"C:\\Users\\ECI-DIF-100\\Desktop\\Requisiciones\\Inventario.AplicacionWeb\\wwwroot\\img\\corazon.png","fileExists":true}}
{"sessionId":"4d7115","timestamp":1772215129372,"location":"Program.cs","message":"debug","data":{"hypothesisId":"B,C","requestPath":"/img/pensargrande.png","expectedPhysicalPath":"C:\\Users\\ECI-DIF-100\\Desktop\\Requisiciones\\Inventario.AplicacionWeb\\wwwroot\\img\\pensargrande.png","fileExists":true}}
{"sessionId":"4d7115","timestamp":1772215129374,"location":"Program.cs","message":"debug","data":{"hypothesisId":"F","requestPath":"/img/corazon.png","responseStatusCode":304}}
{"sessionId":"4d7115","timestamp":1772215133994,"location":"Program.cs","message":"debug","data":{"hypothesisId":"B,C","requestPath":"/img/familias-dif.png","expectedPhysicalPath":"C:\\Users\\ECI-DIF-100\\Desktop\\Requisiciones\\Inventario.AplicacionWeb\\wwwroot\\img\\familias-dif.png","fileExists":true}}
{"sessionId":"4d7115","timestamp":1772215133994,"location":"Program.cs","message":"debug","data":{"hypothesisId":"F","requestPath":"/img/corazon.png","responseStatusCode":304}}
{"sessionId":"4d7115","timestamp":1772215139261,"location":"Program.cs","message":"debug","data":{"hypothesisId":"B,C","requestPath":"/img/familias-dif.png","expectedPhysicalPath":"C:\\Users\\ECI-DIF-100\\Desktop\\Requisiciones\\Inventario.AplicacionWeb\\wwwroot\\img\\familias-dif.png","fileExists":true}}
{"sessionId":"4d7115","timestamp":1772215139264,"location":"Program.cs","message":"debug","data":{"hypothesisId":"F","requestPath":"/img/corazon.png","responseStatusCode":304}}
{"sessionId":"4d7115","timestamp":1772215140830,"location":"Program.cs","message":"debug","data":{"hypothesisId":"B,C","requestPath":"/img/corazon.png","expectedPhysicalPath":"C:\\Users\\ECI-DIF-100\\Desktop\\Requisiciones\\Inventario.AplicacionWeb\\wwwroot\\img\\corazon.png","fileExists":true}}
{"sessionId":"4d7115","timestamp":1772215140831,"location":"Program.cs","message":"debug","data":{"hypothesisId":"F","requestPath":"/img/corazon.png","responseStatusCode":304}}
{"sessionId":"4d7115","timestamp":1772215148152,"location":"Program.cs","message":"debug","data":{"hypothesisId":"B,C","requestPath":"/img/corazon.png","expectedPhysicalPath":"C:\\Users\\ECI-DIF-100\\Desktop\\Requisiciones\\Inventario.AplicacionWeb\\wwwroot\\img\\corazon.png","fileExists":true}}
{"sessionId":"4d7115","timestamp":1772215148154,"location":"Program.cs","message":"debug","data":{"hypothesisId":"F","requestPath":"/img/corazon.png","responseStatusCode":304}}
{"sessionId":"4d7115","timestamp":1772215194905,"location":"Program.cs","message":"debug","data":{"hypothesisId":"B,C","requestPath":"/img/familias-dif.png","expectedPhysicalPath":"C:\\Users\\ECI-DIF-100\\Desktop\\Requisiciones\\Inventario.AplicacionWeb\\wwwroot\\img\\familias-dif.png","fileExists":true}}
{"sessionId":"4d7115","timestamp":1772215194907,"location":"Program.cs","message":"debug","data":{"hypothesisId":"F","requestPath":"/img/corazon.png","responseStatusCode":304}}
{"sessionId":"4d7115","timestamp":1772215197604,"location":"Program.cs","message":"debug","data":{"hypothesisId":"B,C","requestPath":"/img/corazon.png","expectedPhysicalPath":"C:\\Users\\ECI-DIF-100\\Desktop\\Requisiciones\\Inventario.AplicacionWeb\\wwwroot\\img\\corazon.png","fileExists":true}}
{"sessionId":"4d7115","timestamp":1772215197606,"location":"Program.cs","message":"debug","data":{"hypothesisId":"F","requestPath":"/img/corazon.png","responseStatusCode":304}}
{"sessionId":"4d7115","timestamp":1772215202609,"location":"Program.cs","message":"debug","data":{"hypothesisId":"B,C","requestPath":"/img/pensargrande.png","expectedPhysicalPath":"C:\\Users\\ECI-DIF-100\\Desktop\\Requisiciones\\Inventario.AplicacionWeb\\wwwroot\\img\\pensargrande.png","fileExists":true}}
{"sessionId":"4d7115","timestamp":1772215202610,"location":"Program.cs","message":"debug","data":{"hypothesisId":"F","requestPath":"/img/corazon.png","responseStatusCode":304}}
{"sessionId":"4d7115","timestamp":1772215204069,"location":"Program.cs","message":"debug","data":{"hypothesisId":"B,C","requestPath":"/img/corazon.png","expectedPhysicalPath":"C:\\Users\\ECI-DIF-100\\Desktop\\Requisiciones\\Inventario.AplicacionWeb\\wwwroot\\img\\corazon.png","fileExists":true}}
{"sessionId":"4d7115","timestamp":1772215204070,"location":"Program.cs","message":"debug","data":{"hypothesisId":"F","requestPath":"/img/corazon.png","responseStatusCode":304}}
{"sessionId":"4d7115","timestamp":1772215204070,"location":"Program.cs","message":"debug","data":{"hypothesisId":"B,C","requestPath":"/img/familias-dif.png","expectedPhysicalPath":"C:\\Users\\ECI-DIF-100\\Desktop\\Requisiciones\\Inventario.AplicacionWeb\\wwwroot\\img\\familias-dif.png","fileExists":true}}
{"sessionId":"4d7115","timestamp":1772215236405,"location":"Program.cs","message":"debug","data":{"hypothesisId":"B,C","requestPath":"/img/corazon.png","expectedPhysicalPath":"C:\\Users\\ECI-DIF-100\\Desktop\\Requisiciones\\Inventario.AplicacionWeb\\wwwroot\\img\\corazon.png","fileExists":true}}
{"sessionId":"4d7115","timestamp":1772215236406,"location":"Program.cs","message":"debug","data":{"hypothesisId":"F","requestPath":"/img/corazon.png","responseStatusCode":304}}
{"sessionId":"4d7115","timestamp":1772215305341,"location":"Program.cs","message":"debug","data":{"hypothesisId":"B,C","requestPath":"/img/corazon.png","expectedPhysicalPath":"C:\\Users\\ECI-DIF-100\\Desktop\\Requisiciones\\Inventario.AplicacionWeb\\wwwroot\\img\\corazon.png","fileExists":true}}
{"sessionId":"4d7115","timestamp":1772215305342,"location":"Program.cs","message":"debug","data":{"hypothesisId":"F","requestPath":"/img/corazon.png","responseStatusCode":304}}
{"sessionId":"4d7115","timestamp":1772215309559,"location":"Program.cs","message":"debug","data":{"hypothesisId":"B,C","requestPath":"/img/pensargrande.png","expectedPhysicalPath":"C:\\Users\\ECI-DIF-100\\Desktop\\Requisiciones\\Inventario.AplicacionWeb\\wwwroot\\img\\pensargrande.png","fileExists":true}}
{"sessionId":"4d7115","timestamp":1772215309560,"location":"Program.cs","message":"debug","data":{"hypothesisId":"F","requestPath":"/img/corazon.png","responseStatusCode":304}}
{"sessionId":"4d7115","timestamp":1772215319469,"location":"Program.cs","message":"debug","data":{"hypothesisId":"B,C","requestPath":"/img/corazon.png","expectedPhysicalPath":"C:\\Users\\ECI-DIF-100\\Desktop\\Requisiciones\\Inventario.AplicacionWeb\\wwwroot\\img\\corazon.png","fileExists":true}}
{"sessionId":"4d7115","timestamp":1772215319470,"location":"Program.cs","message":"debug","data":{"hypothesisId":"F","requestPath":"/img/corazon.png","responseStatusCode":304}}
{"sessionId":"4d7115","timestamp":1772215320326,"location":"Program.cs","message":"debug","data":{"hypothesisId":"B,C","requestPath":"/img/familias-dif.png","expectedPhysicalPath":"C:\\Users\\ECI-DIF-100\\Desktop\\Requisiciones\\Inventario.AplicacionWeb\\wwwroot\\img\\familias-dif.png","fileExists":true}}
{"sessionId":"4d7115","timestamp":1772215320327,"location":"Program.cs","message":"debug","data":{"hypothesisId":"F","requestPath":"/img/corazon.png","responseStatusCode":304}}
{"sessionId":"4d7115","timestamp":1772215324359,"location":"Program.cs","message":"debug","data":{"hypothesisId":"B,C","requestPath":"/img/familias-dif.png","expectedPhysicalPath":"C:\\Users\\ECI-DIF-100\\Desktop\\Requisiciones\\Inventario.AplicacionWeb\\wwwroot\\img\\familias-dif.png","fileExists":true}}
{"sessionId":"4d7115","timestamp":1772215324360,"location":"Program.cs","message":"debug","data":{"hypothesisId":"F","requestPath":"/img/corazon.png","responseStatusCode":304}}
{"sessionId":"4d7115","timestamp":1772215327235,"location":"Program.cs","message":"debug","data":{"hypothesisId":"B,C","requestPath":"/img/pensargrande.png","expectedPhysicalPath":"C:\\Users\\ECI-DIF-100\\Desktop\\Requisiciones\\Inventario.AplicacionWeb\\wwwroot\\img\\pensargrande.png","fileExists":true}}
{"sessionId":"4d7115","timestamp":1772215327236,"location":"Program.cs","message":"debug","data":{"hypothesisId":"F","requestPath":"/img/corazon.png","responseStatusCode":304}}
{"sessionId":"4d7115","timestamp":1772215332889,"location":"Program.cs","message":"debug","data":{"hypothesisId":"B,C","requestPath":"/img/pensargrande.png","expectedPhysicalPath":"C:\\Users\\ECI-DIF-100\\Desktop\\Requisiciones\\Inventario.AplicacionWeb\\wwwroot\\img\\pensargrande.png","fileExists":true}}
{"sessionId":"4d7115","timestamp":1772215332890,"location":"Program.cs","message":"debug","data":{"hypothesisId":"F","requestPath":"/img/corazon.png","responseStatusCode":304}}
{"sessionId":"4d7115","timestamp":1772215352561,"location":"Program.cs","message":"debug","data":{"hypothesisId":"B,C","requestPath":"/img/pensargrande.png","expectedPhysicalPath":"C:\\Users\\ECI-DIF-100\\Desktop\\Requisiciones\\Inventario.AplicacionWeb\\wwwroot\\img\\pensargrande.png","fileExists":true}}
{"sessionId":"4d7115","timestamp":1772215352564,"location":"Program.cs","message":"debug","data":{"hypothesisId":"F","requestPath":"/img/corazon.png","responseStatusCode":304}}
{"sessionId":"4d7115","timestamp":1772215358439,"location":"Program.cs","message":"debug","data":{"hypothesisId":"B,C","requestPath":"/img/corazon.png","expectedPhysicalPath":"C:\\Users\\ECI-DIF-100\\Desktop\\Requisiciones\\Inventario.AplicacionWeb\\wwwroot\\img\\corazon.png","fileExists":true}}
{"sessionId":"4d7115","timestamp":1772215358442,"location":"Program.cs","message":"debug","data":{"hypothesisId":"F","requestPath":"/img/corazon.png","responseStatusCode":304}}
{"sessionId":"4d7115","timestamp":1772215358444,"location":"Program.cs","message":"debug","data":{"hypothesisId":"B,C","requestPath":"/img/pensargrande.png","expectedPhysicalPath":"C:\\Users\\ECI-DIF-100\\Desktop\\Requisiciones\\Inventario.AplicacionWeb\\wwwroot\\img\\pensargrande.png","fileExists":true}}
{"sessionId":"4d7115","timestamp":1772215370427,"location":"Program.cs","message":"debug","data":{"hypothesisId":"B,C","requestPath":"/img/corazon.png","expectedPhysicalPath":"C:\\Users\\ECI-DIF-100\\Desktop\\Requisiciones\\Inventario.AplicacionWeb\\wwwroot\\img\\corazon.png","fileExists":true}}
{"sessionId":"4d7115","timestamp":1772215370429,"location":"Program.cs","message":"debug","data":{"hypothesisId":"F","requestPath":"/img/corazon.png","responseStatusCode":304}}
{"sessionId":"4d7115","timestamp":1772215370433,"location":"Program.cs","message":"debug","data":{"hypothesisId":"B,C","requestPath":"/img/familias-dif.png","expectedPhysicalPath":"C:\\Users\\ECI-DIF-100\\Desktop\\Requisiciones\\Inventario.AplicacionWeb\\wwwroot\\img\\familias-dif.png","fileExists":true}}
{"sessionId":"4d7115","timestamp":1772215414553,"location":"Program.cs","message":"debug","data":{"hypothesisId":"B,C","requestPath":"/img/corazon.png","expectedPhysicalPath":"C:\\Users\\ECI-DIF-100\\Desktop\\Requisiciones\\Inventario.AplicacionWeb\\wwwroot\\img\\corazon.png","fileExists":true}}
{"sessionId":"4d7115","timestamp":1772215414554,"location":"Program.cs","message":"debug","data":{"hypothesisId":"B,C","requestPath":"/img/familias-dif.png","expectedPhysicalPath":"C:\\Users\\ECI-DIF-100\\Desktop\\Requisiciones\\Inventario.AplicacionWeb\\wwwroot\\img\\familias-dif.png","fileExists":true}}
{"sessionId":"4d7115","timestamp":1772215414556,"location":"Program.cs","message":"debug","data":{"hypothesisId":"B,C","requestPath":"/img/pensargrande.png","expectedPhysicalPath":"C:\\Users\\ECI-DIF-100\\Desktop\\Requisiciones\\Inventario.AplicacionWeb\\wwwroot\\img\\pensargrande.png","fileExists":true}}
{"sessionId":"4d7115","timestamp":1772215416136,"location":"Program.cs","message":"debug","data":{"hypothesisId":"B,C","requestPath":"/img/pensargrande.png","expectedPhysicalPath":"C:\\Users\\ECI-DIF-100\\Desktop\\Requisiciones\\Inventario.AplicacionWeb\\wwwroot\\img\\pensargrande.png","fileExists":true}}
{"sessionId":"4d7115","timestamp":1772215416137,"location":"Program.cs","message":"debug","data":{"hypothesisId":"F","requestPath":"/img/corazon.png","responseStatusCode":304}}
{"sessionId":"4d7115","timestamp":1772215424142,"location":"Program.cs","message":"debug","data":{"hypothesisId":"B,C","requestPath":"/img/pensargrande.png","expectedPhysicalPath":"C:\\Users\\ECI-DIF-100\\Desktop\\Requisiciones\\Inventario.AplicacionWeb\\wwwroot\\img\\pensargrande.png","fileExists":true}}
{"sessionId":"4d7115","timestamp":1772215424143,"location":"Program.cs","message":"debug","data":{"hypothesisId":"F","requestPath":"/img/corazon.png","responseStatusCode":304}}
{"sessionId":"4d7115","timestamp":1772215471242,"location":"Program.cs","message":"debug","data":{"hypothesisId":"B,C","requestPath":"/img/familias-dif.png","expectedPhysicalPath":"C:\\Users\\ECI-DIF-100\\Desktop\\Requisiciones\\Inventario.AplicacionWeb\\wwwroot\\img\\familias-dif.png","fileExists":true}}
{"sessionId":"4d7115","timestamp":1772215471243,"location":"Program.cs","message":"debug","data":{"hypothesisId":"B,C","requestPath":"/img/pensargrande.png","expectedPhysicalPath":"C:\\Users\\ECI-DIF-100\\Desktop\\Requisiciones\\Inventario.AplicacionWeb\\wwwroot\\img\\pensargrande.png","fileExists":true}}
{"sessionId":"4d7115","timestamp":1772215471245,"location":"Program.cs","message":"debug","data":{"hypothesisId":"F","requestPath":"/img/corazon.png","responseStatusCode":304}}
{"sessionId":"4d7115","timestamp":1772215487461,"location":"Program.cs","message":"debug","data":{"hypothesisId":"B,C","requestPath":"/img/pensargrande.png","expectedPhysicalPath":"C:\\Users\\ECI-DIF-100\\Desktop\\Requisiciones\\Inventario.AplicacionWeb\\wwwroot\\img\\pensargrande.png","fileExists":true}}
{"sessionId":"4d7115","timestamp":1772215487462,"location":"Program.cs","message":"debug","data":{"hypothesisId":"F","requestPath":"/img/corazon.png","responseStatusCode":304}}
{"sessionId":"4d7115","timestamp":1772215493860,"location":"Program.cs","message":"debug","data":{"hypothesisId":"B,C","requestPath":"/img/corazon.png","expectedPhysicalPath":"C:\\Users\\ECI-DIF-100\\Desktop\\Requisiciones\\Inventario.AplicacionWeb\\wwwroot\\img\\corazon.png","fileExists":true}}
{"sessionId":"4d7115","timestamp":1772215493867,"location":"Program.cs","message":"debug","data":{"hypothesisId":"F","requestPath":"/img/corazon.png","responseStatusCode":200}}
{"sessionId":"4d7115","timestamp":1772215496226,"location":"Program.cs","message":"debug","data":{"hypothesisId":"B,C","requestPath":"/img/corazon.png","expectedPhysicalPath":"C:\\Users\\ECI-DIF-100\\Desktop\\Requisiciones\\Inventario.AplicacionWeb\\wwwroot\\img\\corazon.png","fileExists":true}}
{"sessionId":"4d7115","timestamp":1772215496230,"location":"Program.cs","message":"debug","data":{"hypothesisId":"F","requestPath":"/img/corazon.png","responseStatusCode":200}}
{"sessionId":"4d7115","timestamp":1772215501340,"location":"Program.cs","message":"debug","data":{"hypothesisId":"B,C","requestPath":"/img/corazon.png","expectedPhysicalPath":"C:\\Users\\ECI-DIF-100\\Desktop\\Requisiciones\\Inventario.AplicacionWeb\\wwwroot\\img\\corazon.png","fileExists":true}}
{"sessionId":"4d7115","timestamp":1772215501345,"location":"Program.cs","message":"debug","data":{"hypothesisId":"F","requestPath":"/img/corazon.png","responseStatusCode":200}}
{"sessionId":"4d7115","timestamp":1772215514303,"location":"Program.cs","message":"debug","data":{"hypothesisId":"B,C","requestPath":"/img/corazon.png","expectedPhysicalPath":"C:\\Users\\ECI-DIF-100\\Desktop\\Requisiciones\\Inventario.AplicacionWeb\\wwwroot\\img\\corazon.png","fileExists":true}}
{"sessionId":"4d7115","timestamp":1772215514303,"location":"Program.cs","message":"debug","data":{"hypothesisId":"B,C","requestPath":"/img/pensargrande.png","expectedPhysicalPath":"C:\\Users\\ECI-DIF-100\\Desktop\\Requisiciones\\Inventario.AplicacionWeb\\wwwroot\\img\\pensargrande.png","fileExists":true}}
{"sessionId":"4d7115","timestamp":1772215514308,"location":"Program.cs","message":"debug","data":{"hypothesisId":"F","requestPath":"/img/corazon.png","responseStatusCode":200}}
{"sessionId":"4d7115","timestamp":1772215515527,"location":"Program.cs","message":"debug","data":{"hypothesisId":"B,C","requestPath":"/img/corazon.png","expectedPhysicalPath":"C:\\Users\\ECI-DIF-100\\Desktop\\Requisiciones\\Inventario.AplicacionWeb\\wwwroot\\img\\corazon.png","fileExists":true}}
{"sessionId":"4d7115","timestamp":1772215515527,"location":"Program.cs","message":"debug","data":{"hypothesisId":"F","requestPath":"/img/corazon.png","responseStatusCode":304}}
{"sessionId":"4d7115","timestamp":1772215515528,"location":"Program.cs","message":"debug","data":{"hypothesisId":"B,C","requestPath":"/img/familias-dif.png","expectedPhysicalPath":"C:\\Users\\ECI-DIF-100\\Desktop\\Requisiciones\\Inventario.AplicacionWeb\\wwwroot\\img\\familias-dif.png","fileExists":true}}
{"sessionId":"4d7115","timestamp":1772215515534,"location":"Program.cs","message":"debug","data":{"hypothesisId":"B,C","requestPath":"/img/pensargrande.png","expectedPhysicalPath":"C:\\Users\\ECI-DIF-100\\Desktop\\Requisiciones\\Inventario.AplicacionWeb\\wwwroot\\img\\pensargrande.png","fileExists":true}}
{"sessionId":"4d7115","timestamp":1772215520824,"location":"Program.cs","message":"debug","data":{"hypothesisId":"B,C","requestPath":"/img/pensargrande.png","expectedPhysicalPath":"C:\\Users\\ECI-DIF-100\\Desktop\\Requisiciones\\Inventario.AplicacionWeb\\wwwroot\\img\\pensargrande.png","fileExists":true}}
{"sessionId":"4d7115","timestamp":1772215520825,"location":"Program.cs","message":"debug","data":{"hypothesisId":"F","requestPath":"/img/corazon.png","responseStatusCode":304}}
{"sessionId":"4d7115","timestamp":1772215594389,"location":"Program.cs","message":"debug","data":{"hypothesisId":"B,C","requestPath":"/img/familias-dif.png","expectedPhysicalPath":"C:\\Users\\ECI-DIF-100\\Desktop\\Requisiciones\\Inventario.AplicacionWeb\\wwwroot\\img\\familias-dif.png","fileExists":true}}
{"sessionId":"4d7115","timestamp":1772215594389,"location":"Program.cs","message":"debug","data":{"hypothesisId":"F","requestPath":"/img/corazon.png","responseStatusCode":304}}
{"sessionId":"4d7115","timestamp":1772215605569,"location":"Program.cs","message":"debug","data":{"hypothesisId":"B,C","requestPath":"/img/pensargrande.png","expectedPhysicalPath":"C:\\Users\\ECI-DIF-100\\Desktop\\Requisiciones\\Inventario.AplicacionWeb\\wwwroot\\img\\pensargrande.png","fileExists":true}}
{"sessionId":"4d7115","timestamp":1772215605570,"location":"Program.cs","message":"debug","data":{"hypothesisId":"F","requestPath":"/img/corazon.png","responseStatusCode":304}}
{"sessionId":"4d7115","timestamp":1772215632990,"location":"Program.cs","message":"debug","data":{"hypothesisId":"B,C","requestPath":"/img/corazon.png","expectedPhysicalPath":"C:\\Users\\ECI-DIF-100\\Desktop\\Requisiciones\\Inventario.AplicacionWeb\\wwwroot\\img\\corazon.png","fileExists":true}}
{"sessionId":"4d7115","timestamp":1772215632991,"location":"Program.cs","message":"debug","data":{"hypothesisId":"B,C","requestPath":"/img/pensargrande.png","expectedPhysicalPath":"C:\\Users\\ECI-DIF-100\\Desktop\\Requisiciones\\Inventario.AplicacionWeb\\wwwroot\\img\\pensargrande.png","fileExists":true}}
{"sessionId":"4d7115","timestamp":1772215632991,"location":"Program.cs","message":"debug","data":{"hypothesisId":"F","requestPath":"/img/corazon.png","responseStatusCode":304}}
{"sessionId":"4d7115","timestamp":1772215636420,"location":"Program.cs","message":"debug","data":{"hypothesisId":"B,C","requestPath":"/img/corazon.png","expectedPhysicalPath":"C:\\Users\\ECI-DIF-100\\Desktop\\Requisiciones\\Inventario.AplicacionWeb\\wwwroot\\img\\corazon.png","fileExists":true}}
{"sessionId":"4d7115","timestamp":1772215636421,"location":"Program.cs","message":"debug","data":{"hypothesisId":"F","requestPath":"/img/corazon.png","responseStatusCode":304}}
{"sessionId":"4d7115","timestamp":1772215638769,"location":"Program.cs","message":"debug","data":{"hypothesisId":"B,C","requestPath":"/img/pensargrande.png","expectedPhysicalPath":"C:\\Users\\ECI-DIF-100\\Desktop\\Requisiciones\\Inventario.AplicacionWeb\\wwwroot\\img\\pensargrande.png","fileExists":true}}
{"sessionId":"4d7115","timestamp":1772215638769,"location":"Program.cs","message":"debug","data":{"hypothesisId":"F","requestPath":"/img/corazon.png","responseStatusCode":304}}
{"sessionId":"4d7115","timestamp":1772215640452,"location":"Program.cs","message":"debug","data":{"hypothesisId":"B,C","requestPath":"/img/corazon.png","expectedPhysicalPath":"C:\\Users\\ECI-DIF-100\\Desktop\\Requisiciones\\Inventario.AplicacionWeb\\wwwroot\\img\\corazon.png","fileExists":true}}
{"sessionId":"4d7115","timestamp":1772215640453,"location":"Program.cs","message":"debug","data":{"hypothesisId":"F","requestPath":"/img/corazon.png","responseStatusCode":304}}
{"sessionId":"4d7115","timestamp":1772215641753,"location":"Program.cs","message":"debug","data":{"hypothesisId":"B,C","requestPath":"/img/familias-dif.png","expectedPhysicalPath":"C:\\Users\\ECI-DIF-100\\Desktop\\Requisiciones\\Inventario.AplicacionWeb\\wwwroot\\img\\familias-dif.png","fileExists":true}}
{"sessionId":"4d7115","timestamp":1772215641753,"location":"Program.cs","message":"debug","data":{"hypothesisId":"F","requestPath":"/img/corazon.png","responseStatusCode":304}}
{"sessionId":"4d7115","timestamp":1772215642787,"location":"Program.cs","message":"debug","data":{"hypothesisId":"B,C","requestPath":"/img/pensargrande.png","expectedPhysicalPath":"C:\\Users\\ECI-DIF-100\\Desktop\\Requisiciones\\Inventario.AplicacionWeb\\wwwroot\\img\\pensargrande.png","fileExists":true}}
{"sessionId":"4d7115","timestamp":1772215642787,"location":"Program.cs","message":"debug","data":{"hypothesisId":"B,C","requestPath":"/img/corazon.png","expectedPhysicalPath":"C:\\Users\\ECI-DIF-100\\Desktop\\Requisiciones\\Inventario.AplicacionWeb\\wwwroot\\img\\corazon.png","fileExists":true}}
{"sessionId":"4d7115","timestamp":1772215642788,"location":"Program.cs","message":"debug","data":{"hypothesisId":"F","requestPath":"/img/corazon.png","responseStatusCode":304}}
{"sessionId":"4d7115","timestamp":1772215674595,"location":"Program.cs","message":"debug","data":{"hypothesisId":"B,C","requestPath":"/img/pensargrande.png","expectedPhysicalPath":"C:\\Users\\ECI-DIF-100\\Desktop\\Requisiciones\\Inventario.AplicacionWeb\\wwwroot\\img\\pensargrande.png","fileExists":true}}
{"sessionId":"4d7115","timestamp":1772215674596,"location":"Program.cs","message":"debug","data":{"hypothesisId":"F","requestPath":"/img/corazon.png","responseStatusCode":304}}
{"sessionId":"4d7115","timestamp":1772215678036,"location":"Program.cs","message":"debug","data":{"hypothesisId":"B,C","requestPath":"/img/corazon.png","expectedPhysicalPath":"C:\\Users\\ECI-DIF-100\\Desktop\\Requisiciones\\Inventario.AplicacionWeb\\wwwroot\\img\\corazon.png","fileExists":true}}
{"sessionId":"4d7115","timestamp":1772215678040,"location":"Program.cs","message":"debug","data":{"hypothesisId":"F","requestPath":"/img/corazon.png","responseStatusCode":200}}
{"sessionId":"4d7115","timestamp":1772215683053,"location":"Program.cs","message":"debug","data":{"hypothesisId":"B,C","requestPath":"/img/corazon.png","expectedPhysicalPath":"C:\\Users\\ECI-DIF-100\\Desktop\\Requisiciones\\Inventario.AplicacionWeb\\wwwroot\\img\\corazon.png","fileExists":true}}
{"sessionId":"4d7115","timestamp":1772215683054,"location":"Program.cs","message":"debug","data":{"hypothesisId":"B,C","requestPath":"/img/familias-dif.png","expectedPhysicalPath":"C:\\Users\\ECI-DIF-100\\Desktop\\Requisiciones\\Inventario.AplicacionWeb\\wwwroot\\img\\familias-dif.png","fileExists":true}}
{"sessionId":"4d7115","timestamp":1772215683057,"location":"Program.cs","message":"debug","data":{"hypothesisId":"F","requestPath":"/img/corazon.png","responseStatusCode":200}}
{"sessionId":"4d7115","timestamp":1772215684394,"location":"Program.cs","message":"debug","data":{"hypothesisId":"B,C","requestPath":"/img/corazon.png","expectedPhysicalPath":"C:\\Users\\ECI-DIF-100\\Desktop\\Requisiciones\\Inventario.AplicacionWeb\\wwwroot\\img\\corazon.png","fileExists":true}}
{"sessionId":"4d7115","timestamp":1772215684394,"location":"Program.cs","message":"debug","data":{"hypothesisId":"F","requestPath":"/img/corazon.png","responseStatusCode":304}}
{"sessionId":"4d7115","timestamp":1772215873192,"location":"Program.cs","message":"debug","data":{"hypothesisId":"B,C","requestPath":"/img/familias-dif.png","expectedPhysicalPath":"C:\\Users\\ECI-DIF-100\\Desktop\\Requisiciones\\Inventario.AplicacionWeb\\wwwroot\\img\\familias-dif.png","fileExists":true}}
{"sessionId":"4d7115","timestamp":1772215873196,"location":"Program.cs","message":"debug","data":{"hypothesisId":"B,C","requestPath":"/img/pensargrande.png","expectedPhysicalPath":"C:\\Users\\ECI-DIF-100\\Desktop\\Requisiciones\\Inventario.AplicacionWeb\\wwwroot\\img\\pensargrande.png","fileExists":true}}
{"sessionId":"4d7115","timestamp":1772215876595,"location":"Program.cs","message":"debug","data":{"hypothesisId":"B,C","requestPath":"/img/corazon.png","expectedPhysicalPath":"C:\\Users\\ECI-DIF-100\\Desktop\\Requisiciones\\Inventario.AplicacionWeb\\wwwroot\\img\\corazon.png","fileExists":true}}
{"sessionId":"4d7115","timestamp":1772215876598,"location":"Program.cs","message":"debug","data":{"hypothesisId":"F","requestPath":"/img/corazon.png","responseStatusCode":304}}
{"sessionId":"4d7115","timestamp":1772215880125,"location":"Program.cs","message":"debug","data":{"hypothesisId":"B,C","requestPath":"/img/corazon.png","expectedPhysicalPath":"C:\\Users\\ECI-DIF-100\\Desktop\\Requisiciones\\Inventario.AplicacionWeb\\wwwroot\\img\\corazon.png","fileExists":true}}
{"sessionId":"4d7115","timestamp":1772215880126,"location":"Program.cs","message":"debug","data":{"hypothesisId":"F","requestPath":"/img/corazon.png","responseStatusCode":304}}
{"sessionId":"4d7115","timestamp":1772215883908,"location":"Program.cs","message":"debug","data":{"hypothesisId":"B,C","requestPath":"/img/familias-dif.png","expectedPhysicalPath":"C:\\Users\\ECI-DIF-100\\Desktop\\Requisiciones\\Inventario.AplicacionWeb\\wwwroot\\img\\familias-dif.png","fileExists":true}}
{"sessionId":"4d7115","timestamp":1772215883909,"location":"Program.cs","message":"debug","data":{"hypothesisId":"F","requestPath":"/img/corazon.png","responseStatusCode":304}}
{"sessionId":"4d7115","timestamp":1772215896394,"location":"Program.cs","message":"debug","data":{"hypothesisId":"B,C","requestPath":"/img/corazon.png","expectedPhysicalPath":"C:\\Users\\ECI-DIF-100\\Desktop\\Requisiciones\\Inventario.AplicacionWeb\\wwwroot\\img\\corazon.png","fileExists":true}}
{"sessionId":"4d7115","timestamp":1772215896395,"location":"Program.cs","message":"debug","data":{"hypothesisId":"F","requestPath":"/img/corazon.png","responseStatusCode":304}}
{"sessionId":"4d7115","timestamp":1772216003391,"location":"Program.cs","message":"debug","data":{"hypothesisId":"B,C","requestPath":"/img/familias-dif.png","expectedPhysicalPath":"C:\\Users\\ECI-DIF-100\\Desktop\\Requisiciones\\Inventario.AplicacionWeb\\wwwroot\\img\\familias-dif.png","fileExists":true}}
{"sessionId":"4d7115","timestamp":1772216093308,"location":"Program.cs","message":"debug","data":{"hypothesisId":"B,C","requestPath":"/img/pensargrande.png","expectedPhysicalPath":"C:\\Users\\ECI-DIF-100\\Desktop\\Requisiciones\\Inventario.AplicacionWeb\\wwwroot\\img\\pensargrande.png","fileExists":true}}
{"sessionId":"4d7115","timestamp":1772216093311,"location":"Program.cs","message":"debug","data":{"hypothesisId":"F","requestPath":"/img/corazon.png","responseStatusCode":304}}
{"sessionId":"4d7115","timestamp":1772216096324,"location":"Program.cs","message":"debug","data":{"hypothesisId":"B,C","requestPath":"/img/corazon.png","expectedPhysicalPath":"C:\\Users\\ECI-DIF-100\\Desktop\\Requisiciones\\Inventario.AplicacionWeb\\wwwroot\\img\\corazon.png","fileExists":true}}
{"sessionId":"4d7115","timestamp":1772216096327,"location":"Program.cs","message":"debug","data":{"hypothesisId":"F","requestPath":"/img/corazon.png","responseStatusCode":304}}
{"sessionId":"4d7115","timestamp":1772216097293,"location":"Program.cs","message":"debug","data":{"hypothesisId":"B,C","requestPath":"/img/familias-dif.png","expectedPhysicalPath":"C:\\Users\\ECI-DIF-100\\Desktop\\Requisiciones\\Inventario.AplicacionWeb\\wwwroot\\img\\familias-dif.png","fileExists":true}}
{"sessionId":"4d7115","timestamp":1772216097294,"location":"Program.cs","message":"debug","data":{"hypothesisId":"F","requestPath":"/img/corazon.png","responseStatusCode":304}}
{"sessionId":"4d7115","timestamp":1772216100575,"location":"Program.cs","message":"debug","data":{"hypothesisId":"B,C","requestPath":"/img/pensargrande.png","expectedPhysicalPath":"C:\\Users\\ECI-DIF-100\\Desktop\\Requisiciones\\Inventario.AplicacionWeb\\wwwroot\\img\\pensargrande.png","fileExists":true}}
{"sessionId":"4d7115","timestamp":1772216100575,"location":"Program.cs","message":"debug","data":{"hypothesisId":"F","requestPath":"/img/corazon.png","responseStatusCode":304}}
{"sessionId":"4d7115","timestamp":1772216104209,"location":"Program.cs","message":"debug","data":{"hypothesisId":"B,C","requestPath":"/img/corazon.png","expectedPhysicalPath":"C:\\Users\\ECI-DIF-100\\Desktop\\Requisiciones\\Inventario.AplicacionWeb\\wwwroot\\img\\corazon.png","fileExists":true}}
{"sessionId":"4d7115","timestamp":1772216104210,"location":"Program.cs","message":"debug","data":{"hypothesisId":"F","requestPath":"/img/corazon.png","responseStatusCode":304}}
{"sessionId":"4d7115","timestamp":1772216116907,"location":"Program.cs","message":"debug","data":{"hypothesisId":"B,C","requestPath":"/img/pensargrande.png","expectedPhysicalPath":"C:\\Users\\ECI-DIF-100\\Desktop\\Requisiciones\\Inventario.AplicacionWeb\\wwwroot\\img\\pensargrande.png","fileExists":true}}
{"sessionId":"4d7115","timestamp":1772216116907,"location":"Program.cs","message":"debug","data":{"hypothesisId":"F","requestPath":"/img/corazon.png","responseStatusCode":304}}
{"sessionId":"4d7115","timestamp":1772216195578,"location":"Program.cs","message":"debug","data":{"hypothesisId":"B,C","requestPath":"/img/pensargrande.png","expectedPhysicalPath":"C:\\Users\\ECI-DIF-100\\Desktop\\Requisiciones\\Inventario.AplicacionWeb\\wwwroot\\img\\pensargrande.png","fileExists":true}}
{"sessionId":"4d7115","timestamp":1772216195580,"location":"Program.cs","message":"debug","data":{"hypothesisId":"F","requestPath":"/img/corazon.png","responseStatusCode":304}}
{"sessionId":"4d7115","timestamp":1772216222033,"location":"Program.cs","message":"debug","data":{"hypothesisId":"B,C","requestPath":"/img/familias-dif.png","expectedPhysicalPath":"C:\\Users\\ECI-DIF-100\\Desktop\\Requisiciones\\Inventario.AplicacionWeb\\wwwroot\\img\\familias-dif.png","fileExists":true}}
{"sessionId":"4d7115","timestamp":1772216222034,"location":"Program.cs","message":"debug","data":{"hypothesisId":"F","requestPath":"/img/corazon.png","responseStatusCode":304}}
{"sessionId":"4d7115","timestamp":1772216264311,"location":"Program.cs","message":"debug","data":{"hypothesisId":"B,C","requestPath":"/img/familias-dif.png","expectedPhysicalPath":"C:\\Users\\ECI-DIF-100\\Desktop\\Requisiciones\\Inventario.AplicacionWeb\\wwwroot\\img\\familias-dif.png","fileExists":true}}
{"sessionId":"4d7115","timestamp":1772216264312,"location":"Program.cs","message":"debug","data":{"hypothesisId":"F","requestPath":"/img/corazon.png","responseStatusCode":304}}
{"sessionId":"4d7115","timestamp":1772216311840,"location":"Program.cs","message":"debug","data":{"hypothesisId":"B,C","requestPath":"/img/pensargrande.png","expectedPhysicalPath":"C:\\Users\\ECI-DIF-100\\Desktop\\Requisiciones\\Inventario.AplicacionWeb\\wwwroot\\img\\pensargrande.png","fileExists":true}}
{"sessionId":"4d7115","timestamp":1772216311842,"location":"Program.cs","message":"debug","data":{"hypothesisId":"F","requestPath":"/img/corazon.png","responseStatusCode":304}}
{"sessionId":"4d7115","timestamp":1772216317956,"location":"Program.cs","message":"debug","data":{"hypothesisId":"B,C","requestPath":"/img/familias-dif.png","expectedPhysicalPath":"C:\\Users\\ECI-DIF-100\\Desktop\\Requisiciones\\Inventario.AplicacionWeb\\wwwroot\\img\\familias-dif.png","fileExists":true}}
{"sessionId":"4d7115","timestamp":1772216317957,"location":"Program.cs","message":"debug","data":{"hypothesisId":"F","requestPath":"/img/corazon.png","responseStatusCode":304}}
{"sessionId":"4d7115","timestamp":1772216317959,"location":"Program.cs","message":"debug","data":{"hypothesisId":"B,C","requestPath":"/img/pensargrande.png","expectedPhysicalPath":"C:\\Users\\ECI-DIF-100\\Desktop\\Requisiciones\\Inventario.AplicacionWeb\\wwwroot\\img\\pensargrande.png","fileExists":true}}
{"sessionId":"4d7115","timestamp":1772216323765,"location":"Program.cs","message":"debug","data":{"hypothesisId":"B,C","requestPath":"/img/familias-dif.png","expectedPhysicalPath":"C:\\Users\\ECI-DIF-100\\Desktop\\Requisiciones\\Inventario.AplicacionWeb\\wwwroot\\img\\familias-dif.png","fileExists":true}}
{"sessionId":"4d7115","timestamp":1772216323767,"location":"Program.cs","message":"debug","data":{"hypothesisId":"F","requestPath":"/img/corazon.png","responseStatusCode":304}}
{"sessionId":"4d7115","timestamp":1772216327177,"location":"Program.cs","message":"debug","data":{"hypothesisId":"B,C","requestPath":"/img/familias-dif.png","expectedPhysicalPath":"C:\\Users\\ECI-DIF-100\\Desktop\\Requisiciones\\Inventario.AplicacionWeb\\wwwroot\\img\\familias-dif.png","fileExists":true}}
{"sessionId":"4d7115","timestamp":1772216327179,"location":"Program.cs","message":"debug","data":{"hypothesisId":"F","requestPath":"/img/corazon.png","responseStatusCode":304}}
{"sessionId":"4d7115","timestamp":1772216327180,"location":"Program.cs","message":"debug","data":{"hypothesisId":"B,C","requestPath":"/img/pensargrande.png","expectedPhysicalPath":"C:\\Users\\ECI-DIF-100\\Desktop\\Requisiciones\\Inventario.AplicacionWeb\\wwwroot\\img\\pensargrande.png","fileExists":true}}
{"sessionId":"4d7115","timestamp":1772216450385,"location":"Program.cs","message":"debug","data":{"hypothesisId":"B,C","requestPath":"/img/pensargrande.png","expectedPhysicalPath":"C:\\Users\\ECI-DIF-100\\Desktop\\Requisiciones\\Inventario.AplicacionWeb\\wwwroot\\img\\pensargrande.png","fileExists":true}}
{"sessionId":"4d7115","timestamp":1772216450386,"location":"Program.cs","message":"debug","data":{"hypothesisId":"F","requestPath":"/img/corazon.png","responseStatusCode":304}}
{"sessionId":"4d7115","timestamp":1772216479826,"location":"Program.cs","message":"debug","data":{"hypothesisId":"B,C","requestPath":"/img/pensargrande.png","expectedPhysicalPath":"C:\\Users\\ECI-DIF-100\\Desktop\\Requisiciones\\Inventario.AplicacionWeb\\wwwroot\\img\\pensargrande.png","fileExists":true}}
{"sessionId":"4d7115","timestamp":1772216479827,"location":"Program.cs","message":"debug","data":{"hypothesisId":"F","requestPath":"/img/corazon.png","responseStatusCode":304}}
{"sessionId":"4d7115","timestamp":1772216482293,"location":"Program.cs","message":"debug","data":{"hypothesisId":"B,C","requestPath":"/img/familias-dif.png","expectedPhysicalPath":"C:\\Users\\ECI-DIF-100\\Desktop\\Requisiciones\\Inventario.AplicacionWeb\\wwwroot\\img\\familias-dif.png","fileExists":true}}
{"sessionId":"4d7115","timestamp":1772216482294,"location":"Program.cs","message":"debug","data":{"hypothesisId":"B,C","requestPath":"/img/pensargrande.png","expectedPhysicalPath":"C:\\Users\\ECI-DIF-100\\Desktop\\Requisiciones\\Inventario.AplicacionWeb\\wwwroot\\img\\pensargrande.png","fileExists":true}}
{"sessionId":"4d7115","timestamp":1772216482294,"location":"Program.cs","message":"debug","data":{"hypothesisId":"F","requestPath":"/img/corazon.png","responseStatusCode":304}}
{"sessionId":"4d7115","timestamp":1772216548192,"location":"Program.cs","message":"debug","data":{"hypothesisId":"B,C","requestPath":"/img/pensargrande.png","expectedPhysicalPath":"C:\\Users\\ECI-DIF-100\\Desktop\\Requisiciones\\Inventario.AplicacionWeb\\wwwroot\\img\\pensargrande.png","fileExists":true}}
{"sessionId":"4d7115","timestamp":1772216548193,"location":"Program.cs","message":"debug","data":{"hypothesisId":"F","requestPath":"/img/corazon.png","responseStatusCode":304}}
{"sessionId":"4d7115","timestamp":1772216552279,"location":"Program.cs","message":"debug","data":{"hypothesisId":"B,C","requestPath":"/img/familias-dif.png","expectedPhysicalPath":"C:\\Users\\ECI-DIF-100\\Desktop\\Requisiciones\\Inventario.AplicacionWeb\\wwwroot\\img\\familias-dif.png","fileExists":true}}
{"sessionId":"4d7115","timestamp":1772216552280,"location":"Program.cs","message":"debug","data":{"hypothesisId":"F","requestPath":"/img/corazon.png","responseStatusCode":304}}
{"sessionId":"4d7115","timestamp":1772216553444,"location":"Program.cs","message":"debug","data":{"hypothesisId":"B,C","requestPath":"/img/familias-dif.png","expectedPhysicalPath":"C:\\Users\\ECI-DIF-100\\Desktop\\Requisiciones\\Inventario.AplicacionWeb\\wwwroot\\img\\familias-dif.png","fileExists":true}}
{"sessionId":"4d7115","timestamp":1772216553445,"location":"Program.cs","message":"debug","data":{"hypothesisId":"F","requestPath":"/img/corazon.png","responseStatusCode":304}}
{"sessionId":"4d7115","timestamp":1772216563558,"location":"Program.cs","message":"debug","data":{"hypothesisId":"B,C","requestPath":"/img/pensargrande.png","expectedPhysicalPath":"C:\\Users\\ECI-DIF-100\\Desktop\\Requisiciones\\Inventario.AplicacionWeb\\wwwroot\\img\\pensargrande.png","fileExists":true}}
{"sessionId":"4d7115","timestamp":1772216563559,"location":"Program.cs","message":"debug","data":{"hypothesisId":"F","requestPath":"/img/corazon.png","responseStatusCode":304}}
{"sessionId":"4d7115","timestamp":1772216615510,"location":"Program.cs","message":"debug","data":{"hypothesisId":"B,C","requestPath":"/img/familias-dif.png","expectedPhysicalPath":"C:\\Users\\ECI-DIF-100\\Desktop\\Requisiciones\\Inventario.AplicacionWeb\\wwwroot\\img\\familias-dif.png","fileExists":true}}
{"sessionId":"4d7115","timestamp":1772216615515,"location":"Program.cs","message":"debug","data":{"hypothesisId":"F","requestPath":"/img/corazon.png","responseStatusCode":200}}
{"sessionId":"4d7115","timestamp":1772216619458,"location":"Program.cs","message":"debug","data":{"hypothesisId":"B,C","requestPath":"/img/familias-dif.png","expectedPhysicalPath":"C:\\Users\\ECI-DIF-100\\Desktop\\Requisiciones\\Inventario.AplicacionWeb\\wwwroot\\img\\familias-dif.png","fileExists":true}}
{"sessionId":"4d7115","timestamp":1772216619462,"location":"Program.cs","message":"debug","data":{"hypothesisId":"F","requestPath":"/img/corazon.png","responseStatusCode":200}}
{"sessionId":"4d7115","timestamp":1772216620873,"location":"Program.cs","message":"debug","data":{"hypothesisId":"B,C","requestPath":"/img/familias-dif.png","expectedPhysicalPath":"C:\\Users\\ECI-DIF-100\\Desktop\\Requisiciones\\Inventario.AplicacionWeb\\wwwroot\\img\\familias-dif.png","fileExists":true}}
{"sessionId":"4d7115","timestamp":1772216620874,"location":"Program.cs","message":"debug","data":{"hypothesisId":"F","requestPath":"/img/corazon.png","responseStatusCode":304}}
{"sessionId":"4d7115","timestamp":1772216788795,"location":"Program.cs","message":"debug","data":{"hypothesisId":"B,C","requestPath":"/img/corazon.png","expectedPhysicalPath":"C:\\Users\\ECI-DIF-100\\Desktop\\Requisiciones\\Inventario.AplicacionWeb\\wwwroot\\img\\corazon.png","fileExists":true}}
{"sessionId":"4d7115","timestamp":1772216788797,"location":"Program.cs","message":"debug","data":{"hypothesisId":"F","requestPath":"/img/corazon.png","responseStatusCode":304}}
{"sessionId":"4d7115","timestamp":1772216788798,"location":"Program.cs","message":"debug","data":{"hypothesisId":"B,C","requestPath":"/img/pensargrande.png","expectedPhysicalPath":"C:\\Users\\ECI-DIF-100\\Desktop\\Requisiciones\\Inventario.AplicacionWeb\\wwwroot\\img\\pensargrande.png","fileExists":true}}
{"sessionId":"4d7115","timestamp":1772217062080,"location":"Program.cs","message":"debug","data":{"hypothesisId":"B,C","requestPath":"/img/corazon.png","expectedPhysicalPath":"C:\\Users\\ECI-DIF-100\\Desktop\\Requisiciones\\Inventario.AplicacionWeb\\wwwroot\\img\\corazon.png","fileExists":true}}
{"sessionId":"4d7115","timestamp":1772217062082,"location":"Program.cs","message":"debug","data":{"hypothesisId":"F","requestPath":"/img/corazon.png","responseStatusCode":304}}
{"sessionId":"4d7115","timestamp":1772217065780,"location":"Program.cs","message":"debug","data":{"hypothesisId":"B,C","requestPath":"/img/familias-dif.png","expectedPhysicalPath":"C:\\Users\\ECI-DIF-100\\Desktop\\Requisiciones\\Inventario.AplicacionWeb\\wwwroot\\img\\familias-dif.png","fileExists":true}}
{"sessionId":"4d7115","timestamp":1772217065781,"location":"Program.cs","message":"debug","data":{"hypothesisId":"F","requestPath":"/img/corazon.png","responseStatusCode":304}}
{"sessionId":"4d7115","timestamp":1772217070013,"location":"Program.cs","message":"debug","data":{"hypothesisId":"B,C","requestPath":"/img/familias-dif.png","expectedPhysicalPath":"C:\\Users\\ECI-DIF-100\\Desktop\\Requisiciones\\Inventario.AplicacionWeb\\wwwroot\\img\\familias-dif.png","fileExists":true}}
{"sessionId":"4d7115","timestamp":1772217070014,"location":"Program.cs","message":"debug","data":{"hypothesisId":"F","requestPath":"/img/corazon.png","responseStatusCode":304}}
{"sessionId":"4d7115","timestamp":1772217165957,"location":"Program.cs","message":"debug","data":{"hypothesisId":"B,C","requestPath":"/img/familias-dif.png","expectedPhysicalPath":"C:\\Users\\ECI-DIF-100\\Desktop\\Requisiciones\\Inventario.AplicacionWeb\\wwwroot\\img\\familias-dif.png","fileExists":true}}
{"sessionId":"4d7115","timestamp":1772217166099,"location":"Program.cs","message":"debug","data":{"hypothesisId":"B,C","requestPath":"/img/corazon.png","expectedPhysicalPath":"C:\\Users\\ECI-DIF-100\\Desktop\\Requisiciones\\Inventario.AplicacionWeb\\wwwroot\\img\\corazon.png","fileExists":true}}
{"sessionId":"4d7115","timestamp":1772217166104,"location":"Program.cs","message":"debug","data":{"hypothesisId":"F","requestPath":"/img/corazon.png","responseStatusCode":200}}
{"sessionId":"4d7115","timestamp":1772217166248,"location":"Program.cs","message":"debug","data":{"hypothesisId":"B,C","requestPath":"/img/corazon.png","expectedPhysicalPath":"C:\\Users\\ECI-DIF-100\\Desktop\\Requisiciones\\Inventario.AplicacionWeb\\wwwroot\\img\\corazon.png","fileExists":true}}
{"sessionId":"4d7115","timestamp":1772217166250,"location":"Program.cs","message":"debug","data":{"hypothesisId":"F","requestPath":"/img/corazon.png","responseStatusCode":200}}
{"sessionId":"4d7115","timestamp":1772217169352,"location":"Program.cs","message":"debug","data":{"hypothesisId":"B,C","requestPath":"/img/familias-dif.png","expectedPhysicalPath":"C:\\Users\\ECI-DIF-100\\Desktop\\Requisiciones\\Inventario.AplicacionWeb\\wwwroot\\img\\familias-dif.png","fileExists":true}}
{"sessionId":"4d7115","timestamp":1772217169356,"location":"Program.cs","message":"debug","data":{"hypothesisId":"F","requestPath":"/img/corazon.png","responseStatusCode":200}}
{"sessionId":"4d7115","timestamp":1772217169677,"location":"Program.cs","message":"debug","data":{"hypothesisId":"B,C","requestPath":"/img/corazon.png","expectedPhysicalPath":"C:\\Users\\ECI-DIF-100\\Desktop\\Requisiciones\\Inventario.AplicacionWeb\\wwwroot\\img\\corazon.png","fileExists":true}}
{"sessionId":"4d7115","timestamp":1772217169679,"location":"Program.cs","message":"debug","data":{"hypothesisId":"F","requestPath":"/img/corazon.png","responseStatusCode":200}}
{"sessionId":"4d7115","timestamp":1772217171038,"location":"Program.cs","message":"debug","data":{"hypothesisId":"B,C","requestPath":"/img/pensargrande.png","expectedPhysicalPath":"C:\\Users\\ECI-DIF-100\\Desktop\\Requisiciones\\Inventario.AplicacionWeb\\wwwroot\\img\\pensargrande.png","fileExists":true}}
{"sessionId":"4d7115","timestamp":1772217171042,"location":"Program.cs","message":"debug","data":{"hypothesisId":"F","requestPath":"/img/corazon.png","responseStatusCode":200}}
{"sessionId":"4d7115","timestamp":1772217171098,"location":"Program.cs","message":"debug","data":{"hypothesisId":"B,C","requestPath":"/img/corazon.png","expectedPhysicalPath":"C:\\Users\\ECI-DIF-100\\Desktop\\Requisiciones\\Inventario.AplicacionWeb\\wwwroot\\img\\corazon.png","fileExists":true}}
{"sessionId":"4d7115","timestamp":1772217171100,"location":"Program.cs","message":"debug","data":{"hypothesisId":"F","requestPath":"/img/corazon.png","responseStatusCode":200}}
{"sessionId":"4d7115","timestamp":1772217175411,"location":"Program.cs","message":"debug","data":{"hypothesisId":"B,C","requestPath":"/img/familias-dif.png","expectedPhysicalPath":"C:\\Users\\ECI-DIF-100\\Desktop\\Requisiciones\\Inventario.AplicacionWeb\\wwwroot\\img\\familias-dif.png","fileExists":true}}
{"sessionId":"4d7115","timestamp":1772217175413,"location":"Program.cs","message":"debug","data":{"hypothesisId":"F","requestPath":"/img/corazon.png","responseStatusCode":200}}
{"sessionId":"4d7115","timestamp":1772217175473,"location":"Program.cs","message":"debug","data":{"hypothesisId":"B,C","requestPath":"/img/corazon.png","expectedPhysicalPath":"C:\\Users\\ECI-DIF-100\\Desktop\\Requisiciones\\Inventario.AplicacionWeb\\wwwroot\\img\\corazon.png","fileExists":true}}
{"sessionId":"4d7115","timestamp":1772217175477,"location":"Program.cs","message":"debug","data":{"hypothesisId":"F","requestPath":"/img/corazon.png","responseStatusCode":200}}
{"sessionId":"4d7115","timestamp":1772217232827,"location":"Program.cs","message":"debug","data":{"hypothesisId":"B,C","requestPath":"/img/corazon.png","expectedPhysicalPath":"C:\\Users\\ECI-DIF-100\\Desktop\\Requisiciones\\Inventario.AplicacionWeb\\wwwroot\\img\\corazon.png","fileExists":true}}
{"sessionId":"4d7115","timestamp":1772217232828,"location":"Program.cs","message":"debug","data":{"hypothesisId":"B,C","requestPath":"/img/pensargrande.png","expectedPhysicalPath":"C:\\Users\\ECI-DIF-100\\Desktop\\Requisiciones\\Inventario.AplicacionWeb\\wwwroot\\img\\pensargrande.png","fileExists":true}}
{"sessionId":"4d7115","timestamp":1772217232832,"location":"Program.cs","message":"debug","data":{"hypothesisId":"F","requestPath":"/img/corazon.png","responseStatusCode":200}}
{"sessionId":"4d7115","timestamp":1772217232908,"location":"Program.cs","message":"debug","data":{"hypothesisId":"B,C","requestPath":"/img/corazon.png","expectedPhysicalPath":"C:\\Users\\ECI-DIF-100\\Desktop\\Requisiciones\\Inventario.AplicacionWeb\\wwwroot\\img\\corazon.png","fileExists":true}}
{"sessionId":"4d7115","timestamp":1772217232911,"location":"Program.cs","message":"debug","data":{"hypothesisId":"F","requestPath":"/img/corazon.png","responseStatusCode":200}}
{"sessionId":"4d7115","timestamp":1772217328552,"location":"Program.cs","message":"debug","data":{"hypothesisId":"B,C","requestPath":"/img/corazon.png","expectedPhysicalPath":"C:\\Users\\ECI-DIF-100\\Desktop\\Requisiciones\\Inventario.AplicacionWeb\\wwwroot\\img\\corazon.png","fileExists":true}}
{"sessionId":"4d7115","timestamp":1772217328553,"location":"Program.cs","message":"debug","data":{"hypothesisId":"F","requestPath":"/img/corazon.png","responseStatusCode":304}}
{"sessionId":"4d7115","timestamp":1772217328558,"location":"Program.cs","message":"debug","data":{"hypothesisId":"B,C","requestPath":"/img/familias-dif.png","expectedPhysicalPath":"C:\\Users\\ECI-DIF-100\\Desktop\\Requisiciones\\Inventario.AplicacionWeb\\wwwroot\\img\\familias-dif.png","fileExists":true}}
{"sessionId":"4d7115","timestamp":1772217329829,"location":"Program.cs","message":"debug","data":{"hypothesisId":"B,C","requestPath":"/img/pensargrande.png","expectedPhysicalPath":"C:\\Users\\ECI-DIF-100\\Desktop\\Requisiciones\\Inventario.AplicacionWeb\\wwwroot\\img\\pensargrande.png","fileExists":true}}
{"sessionId":"4d7115","timestamp":1772217329829,"location":"Program.cs","message":"debug","data":{"hypothesisId":"F","requestPath":"/img/corazon.png","responseStatusCode":304}}
{"sessionId":"4d7115","timestamp":1772217347747,"location":"Program.cs","message":"debug","data":{"hypothesisId":"B,C","requestPath":"/img/pensargrande.png","expectedPhysicalPath":"C:\\Users\\ECI-DIF-100\\Desktop\\Requisiciones\\Inventario.AplicacionWeb\\wwwroot\\img\\pensargrande.png","fileExists":true}}
{"sessionId":"4d7115","timestamp":1772217347748,"location":"Program.cs","message":"debug","data":{"hypothesisId":"F","requestPath":"/img/corazon.png","responseStatusCode":304}}
{"sessionId":"4d7115","timestamp":1772217351887,"location":"Program.cs","message":"debug","data":{"hypothesisId":"B,C","requestPath":"/img/familias-dif.png","expectedPhysicalPath":"C:\\Users\\ECI-DIF-100\\Desktop\\Requisiciones\\Inventario.AplicacionWeb\\wwwroot\\img\\familias-dif.png","fileExists":true}}
{"sessionId":"4d7115","timestamp":1772217351888,"location":"Program.cs","message":"debug","data":{"hypothesisId":"F","requestPath":"/img/corazon.png","responseStatusCode":304}}
{"sessionId":"4d7115","timestamp":1772217352617,"location":"Program.cs","message":"debug","data":{"hypothesisId":"B,C","requestPath":"/img/corazon.png","expectedPhysicalPath":"C:\\Users\\ECI-DIF-100\\Desktop\\Requisiciones\\Inventario.AplicacionWeb\\wwwroot\\img\\corazon.png","fileExists":true}}
{"sessionId":"4d7115","timestamp":1772217352617,"location":"Program.cs","message":"debug","data":{"hypothesisId":"B,C","requestPath":"/img/familias-dif.png","expectedPhysicalPath":"C:\\Users\\ECI-DIF-100\\Desktop\\Requisiciones\\Inventario.AplicacionWeb\\wwwroot\\img\\familias-dif.png","fileExists":true}}
{"sessionId":"4d7115","timestamp":1772217352618,"location":"Program.cs","message":"debug","data":{"hypothesisId":"F","requestPath":"/img/corazon.png","responseStatusCode":304}}
{"sessionId":"4d7115","timestamp":1772217352621,"location":"Program.cs","message":"debug","data":{"hypothesisId":"B,C","requestPath":"/img/pensargrande.png","expectedPhysicalPath":"C:\\Users\\ECI-DIF-100\\Desktop\\Requisiciones\\Inventario.AplicacionWeb\\wwwroot\\img\\pensargrande.png","fileExists":true}}
{"sessionId":"4d7115","timestamp":1772217354817,"location":"Program.cs","message":"debug","data":{"hypothesisId":"B,C","requestPath":"/img/corazon.png","expectedPhysicalPath":"C:\\Users\\ECI-DIF-100\\Desktop\\Requisiciones\\Inventario.AplicacionWeb\\wwwroot\\img\\corazon.png","fileExists":true}}
{"sessionId":"4d7115","timestamp":1772217354818,"location":"Program.cs","message":"debug","data":{"hypothesisId":"F","requestPath":"/img/corazon.png","responseStatusCode":304}}
{"sessionId":"4d7115","timestamp":1772217358080,"location":"Program.cs","message":"debug","data":{"hypothesisId":"B,C","requestPath":"/img/familias-dif.png","expectedPhysicalPath":"C:\\Users\\ECI-DIF-100\\Desktop\\Requisiciones\\Inventario.AplicacionWeb\\wwwroot\\img\\familias-dif.png","fileExists":true}}
{"sessionId":"4d7115","timestamp":1772217358081,"location":"Program.cs","message":"debug","data":{"hypothesisId":"F","requestPath":"/img/corazon.png","responseStatusCode":304}}
{"sessionId":"4d7115","timestamp":1772217358815,"location":"Program.cs","message":"debug","data":{"hypothesisId":"B,C","requestPath":"/img/corazon.png","expectedPhysicalPath":"C:\\Users\\ECI-DIF-100\\Desktop\\Requisiciones\\Inventario.AplicacionWeb\\wwwroot\\img\\corazon.png","fileExists":true}}
{"sessionId":"4d7115","timestamp":1772217358816,"location":"Program.cs","message":"debug","data":{"hypothesisId":"F","requestPath":"/img/corazon.png","responseStatusCode":304}}
{"sessionId":"4d7115","timestamp":1772217358816,"location":"Program.cs","message":"debug","data":{"hypothesisId":"B,C","requestPath":"/img/familias-dif.png","expectedPhysicalPath":"C:\\Users\\ECI-DIF-100\\Desktop\\Requisiciones\\Inventario.AplicacionWeb\\wwwroot\\img\\familias-dif.png","fileExists":true}}
{"sessionId":"4d7115","timestamp":1772217359323,"location":"Program.cs","message":"debug","data":{"hypothesisId":"B,C","requestPath":"/img/pensargrande.png","expectedPhysicalPath":"C:\\Users\\ECI-DIF-100\\Desktop\\Requisiciones\\Inventario.AplicacionWeb\\wwwroot\\img\\pensargrande.png","fileExists":true}}
{"sessionId":"4d7115","timestamp":1772217359324,"location":"Program.cs","message":"debug","data":{"hypothesisId":"F","requestPath":"/img/corazon.png","responseStatusCode":304}}
{"sessionId":"4d7115","timestamp":1772217360548,"location":"Program.cs","message":"debug","data":{"hypothesisId":"B,C","requestPath":"/img/corazon.png","expectedPhysicalPath":"C:\\Users\\ECI-DIF-100\\Desktop\\Requisiciones\\Inventario.AplicacionWeb\\wwwroot\\img\\corazon.png","fileExists":true}}
{"sessionId":"4d7115","timestamp":1772217360549,"location":"Program.cs","message":"debug","data":{"hypothesisId":"B,C","requestPath":"/img/pensargrande.png","expectedPhysicalPath":"C:\\Users\\ECI-DIF-100\\Desktop\\Requisiciones\\Inventario.AplicacionWeb\\wwwroot\\img\\pensargrande.png","fileExists":true}}
{"sessionId":"4d7115","timestamp":1772217362960,"location":"Program.cs","message":"debug","data":{"hypothesisId":"B,C","requestPath":"/img/corazon.png","expectedPhysicalPath":"C:\\Users\\ECI-DIF-100\\Desktop\\Requisiciones\\Inventario.AplicacionWeb\\wwwroot\\img\\corazon.png","fileExists":true}}
{"sessionId":"4d7115","timestamp":1772217362961,"location":"Program.cs","message":"debug","data":{"hypothesisId":"F","requestPath":"/img/corazon.png","responseStatusCode":304}}
{"sessionId":"4d7115","timestamp":1772217362962,"location":"Program.cs","message":"debug","data":{"hypothesisId":"B,C","requestPath":"/img/familias-dif.png","expectedPhysicalPath":"C:\\Users\\ECI-DIF-100\\Desktop\\Requisiciones\\Inventario.AplicacionWeb\\wwwroot\\img\\familias-dif.png","fileExists":true}}
{"sessionId":"4d7115","timestamp":1772217366131,"location":"Program.cs","message":"debug","data":{"hypothesisId":"B,C","requestPath":"/img/familias-dif.png","expectedPhysicalPath":"C:\\Users\\ECI-DIF-100\\Desktop\\Requisiciones\\Inventario.AplicacionWeb\\wwwroot\\img\\familias-dif.png","fileExists":true}}
{"sessionId":"4d7115","timestamp":1772217366132,"location":"Program.cs","message":"debug","data":{"hypothesisId":"F","requestPath":"/img/corazon.png","responseStatusCode":304}}
{"sessionId":"4d7115","timestamp":1772217382572,"location":"Program.cs","message":"debug","data":{"hypothesisId":"B,C","requestPath":"/img/familias-dif.png","expectedPhysicalPath":"C:\\Users\\ECI-DIF-100\\Desktop\\Requisiciones\\Inventario.AplicacionWeb\\wwwroot\\img\\familias-dif.png","fileExists":true}}
{"sessionId":"4d7115","timestamp":1772217382573,"location":"Program.cs","message":"debug","data":{"hypothesisId":"F","requestPath":"/img/corazon.png","responseStatusCode":304}}
{"sessionId":"4d7115","timestamp":1772217385682,"location":"Program.cs","message":"debug","data":{"hypothesisId":"B,C","requestPath":"/img/pensargrande.png","expectedPhysicalPath":"C:\\Users\\ECI-DIF-100\\Desktop\\Requisiciones\\Inventario.AplicacionWeb\\wwwroot\\img\\pensargrande.png","fileExists":true}}
{"sessionId":"4d7115","timestamp":1772217385683,"location":"Program.cs","message":"debug","data":{"hypothesisId":"F","requestPath":"/img/corazon.png","responseStatusCode":304}}
{"sessionId":"4d7115","timestamp":1772217399018,"location":"Program.cs","message":"debug","data":{"hypothesisId":"B,C","requestPath":"/img/corazon.png","expectedPhysicalPath":"C:\\Users\\ECI-DIF-100\\Desktop\\Requisiciones\\Inventario.AplicacionWeb\\wwwroot\\img\\corazon.png","fileExists":true}}
{"sessionId":"4d7115","timestamp":1772217399019,"location":"Program.cs","message":"debug","data":{"hypothesisId":"B,C","requestPath":"/img/familias-dif.png","expectedPhysicalPath":"C:\\Users\\ECI-DIF-100\\Desktop\\Requisiciones\\Inventario.AplicacionWeb\\wwwroot\\img\\familias-dif.png","fileExists":true}}
{"sessionId":"4d7115","timestamp":1772217399019,"location":"Program.cs","message":"debug","data":{"hypothesisId":"F","requestPath":"/img/corazon.png","responseStatusCode":304}}
{"sessionId":"4d7115","timestamp":1772217400578,"location":"Program.cs","message":"debug","data":{"hypothesisId":"B,C","requestPath":"/img/familias-dif.png","expectedPhysicalPath":"C:\\Users\\ECI-DIF-100\\Desktop\\Requisiciones\\Inventario.AplicacionWeb\\wwwroot\\img\\familias-dif.png","fileExists":true}}
{"sessionId":"4d7115","timestamp":1772217400579,"location":"Program.cs","message":"debug","data":{"hypothesisId":"F","requestPath":"/img/corazon.png","responseStatusCode":304}}
{"sessionId":"4d7115","timestamp":1772217408176,"location":"Program.cs","message":"debug","data":{"hypothesisId":"B,C","requestPath":"/img/corazon.png","expectedPhysicalPath":"C:\\Users\\ECI-DIF-100\\Desktop\\Requisiciones\\Inventario.AplicacionWeb\\wwwroot\\img\\corazon.png","fileExists":true}}
{"sessionId":"4d7115","timestamp":1772217408177,"location":"Program.cs","message":"debug","data":{"hypothesisId":"F","requestPath":"/img/corazon.png","responseStatusCode":304}}
{"sessionId":"4d7115","timestamp":1772217409751,"location":"Program.cs","message":"debug","data":{"hypothesisId":"B,C","requestPath":"/img/familias-dif.png","expectedPhysicalPath":"C:\\Users\\ECI-DIF-100\\Desktop\\Requisiciones\\Inventario.AplicacionWeb\\wwwroot\\img\\familias-dif.png","fileExists":true}}
{"sessionId":"4d7115","timestamp":1772217409751,"location":"Program.cs","message":"debug","data":{"hypothesisId":"F","requestPath":"/img/corazon.png","responseStatusCode":304}}
{"sessionId":"4d7115","timestamp":1772217410084,"location":"Program.cs","message":"debug","data":{"hypothesisId":"B,C","requestPath":"/img/familias-dif.png","expectedPhysicalPath":"C:\\Users\\ECI-DIF-100\\Desktop\\Requisiciones\\Inventario.AplicacionWeb\\wwwroot\\img\\familias-dif.png","fileExists":true}}
{"sessionId":"4d7115","timestamp":1772217410085,"location":"Program.cs","message":"debug","data":{"hypothesisId":"F","requestPath":"/img/corazon.png","responseStatusCode":304}}
{"sessionId":"4d7115","timestamp":1772217414243,"location":"Program.cs","message":"debug","data":{"hypothesisId":"B,C","requestPath":"/img/corazon.png","expectedPhysicalPath":"C:\\Users\\ECI-DIF-100\\Desktop\\Requisiciones\\Inventario.AplicacionWeb\\wwwroot\\img\\corazon.png","fileExists":true}}
{"sessionId":"4d7115","timestamp":1772217414259,"location":"Program.cs","message":"debug","data":{"hypothesisId":"F","requestPath":"/img/corazon.png","responseStatusCode":200}}
{"sessionId":"4d7115","timestamp":1772217417598,"location":"Program.cs","message":"debug","data":{"hypothesisId":"B,C","requestPath":"/img/corazon.png","expectedPhysicalPath":"C:\\Users\\ECI-DIF-100\\Desktop\\Requisiciones\\Inventario.AplicacionWeb\\wwwroot\\img\\corazon.png","fileExists":true}}
{"sessionId":"4d7115","timestamp":1772217417599,"location":"Program.cs","message":"debug","data":{"hypothesisId":"B,C","requestPath":"/img/pensargrande.png","expectedPhysicalPath":"C:\\Users\\ECI-DIF-100\\Desktop\\Requisiciones\\Inventario.AplicacionWeb\\wwwroot\\img\\pensargrande.png","fileExists":true}}
{"sessionId":"4d7115","timestamp":1772217417604,"location":"Program.cs","message":"debug","data":{"hypothesisId":"F","requestPath":"/img/corazon.png","responseStatusCode":200}}
{"sessionId":"4d7115","timestamp":1772217419783,"location":"Program.cs","message":"debug","data":{"hypothesisId":"B,C","requestPath":"/img/corazon.png","expectedPhysicalPath":"C:\\Users\\ECI-DIF-100\\Desktop\\Requisiciones\\Inventario.AplicacionWeb\\wwwroot\\img\\corazon.png","fileExists":true}}
{"sessionId":"4d7115","timestamp":1772217419784,"location":"Program.cs","message":"debug","data":{"hypothesisId":"F","requestPath":"/img/corazon.png","responseStatusCode":304}}
{"sessionId":"4d7115","timestamp":1772217419784,"location":"Program.cs","message":"debug","data":{"hypothesisId":"B,C","requestPath":"/img/pensargrande.png","expectedPhysicalPath":"C:\\Users\\ECI-DIF-100\\Desktop\\Requisiciones\\Inventario.AplicacionWeb\\wwwroot\\img\\pensargrande.png","fileExists":true}}
{"sessionId":"4d7115","timestamp":1772217421802,"location":"Program.cs","message":"debug","data":{"hypothesisId":"B,C","requestPath":"/img/pensargrande.png","expectedPhysicalPath":"C:\\Users\\ECI-DIF-100\\Desktop\\Requisiciones\\Inventario.AplicacionWeb\\wwwroot\\img\\pensargrande.png","fileExists":true}}
{"sessionId":"4d7115","timestamp":1772217421802,"location":"Program.cs","message":"debug","data":{"hypothesisId":"F","requestPath":"/img/corazon.png","responseStatusCode":304}}
{"sessionId":"4d7115","timestamp":1772217423192,"location":"Program.cs","message":"debug","data":{"hypothesisId":"B,C","requestPath":"/img/familias-dif.png","expectedPhysicalPath":"C:\\Users\\ECI-DIF-100\\Desktop\\Requisiciones\\Inventario.AplicacionWeb\\wwwroot\\img\\familias-dif.png","fileExists":true}}
{"sessionId":"4d7115","timestamp":1772217423192,"location":"Program.cs","message":"debug","data":{"hypothesisId":"B,C","requestPath":"/img/pensargrande.png","expectedPhysicalPath":"C:\\Users\\ECI-DIF-100\\Desktop\\Requisiciones\\Inventario.AplicacionWeb\\wwwroot\\img\\pensargrande.png","fileExists":true}}
{"sessionId":"4d7115","timestamp":1772217423192,"location":"Program.cs","message":"debug","data":{"hypothesisId":"B,C","requestPath":"/img/corazon.png","expectedPhysicalPath":"C:\\Users\\ECI-DIF-100\\Desktop\\Requisiciones\\Inventario.AplicacionWeb\\wwwroot\\img\\corazon.png","fileExists":true}}
{"sessionId":"4d7115","timestamp":1772217423193,"location":"Program.cs","message":"debug","data":{"hypothesisId":"F","requestPath":"/img/corazon.png","responseStatusCode":304}}
{"sessionId":"4d7115","timestamp":1772217617965,"location":"Program.cs","message":"debug","data":{"hypothesisId":"B,C","requestPath":"/img/familias-dif.png","expectedPhysicalPath":"C:\\Users\\ECI-DIF-100\\Desktop\\Requisiciones\\Inventario.AplicacionWeb\\wwwroot\\img\\familias-dif.png","fileExists":true}}
{"sessionId":"4d7115","timestamp":1772217623752,"location":"Program.cs","message":"debug","data":{"hypothesisId":"B,C","requestPath":"/img/corazon.png","expectedPhysicalPath":"C:\\Users\\ECI-DIF-100\\Desktop\\Requisiciones\\Inventario.AplicacionWeb\\wwwroot\\img\\corazon.png","fileExists":true}}
{"sessionId":"4d7115","timestamp":1772217623756,"location":"Program.cs","message":"debug","data":{"hypothesisId":"F","requestPath":"/img/corazon.png","responseStatusCode":304}}
{"sessionId":"4d7115","timestamp":1772217729042,"location":"Program.cs","message":"debug","data":{"hypothesisId":"B,C","requestPath":"/img/familias-dif.png","expectedPhysicalPath":"C:\\Users\\ECI-DIF-100\\Desktop\\Requisiciones\\Inventario.AplicacionWeb\\wwwroot\\img\\familias-dif.png","fileExists":true}}
{"sessionId":"4d7115","timestamp":1772217729044,"location":"Program.cs","message":"debug","data":{"hypothesisId":"F","requestPath":"/img/corazon.png","responseStatusCode":304}}
{"sessionId":"4d7115","timestamp":1772217737783,"location":"Program.cs","message":"debug","data":{"hypothesisId":"B,C","requestPath":"/img/familias-dif.png","expectedPhysicalPath":"C:\\Users\\ECI-DIF-100\\Desktop\\Requisiciones\\Inventario.AplicacionWeb\\wwwroot\\img\\familias-dif.png","fileExists":true}}
{"sessionId":"4d7115","timestamp":1772217737784,"location":"Program.cs","message":"debug","data":{"hypothesisId":"F","requestPath":"/img/corazon.png","responseStatusCode":304}}
{"sessionId":"4d7115","timestamp":1772217742266,"location":"Program.cs","message":"debug","data":{"hypothesisId":"B,C","requestPath":"/img/pensargrande.png","expectedPhysicalPath":"C:\\Users\\ECI-DIF-100\\Desktop\\Requisiciones\\Inventario.AplicacionWeb\\wwwroot\\img\\pensargrande.png","fileExists":true}}
{"sessionId":"4d7115","timestamp":1772217742268,"location":"Program.cs","message":"debug","data":{"hypothesisId":"F","requestPath":"/img/corazon.png","responseStatusCode":304}}
{"sessionId":"4d7115","timestamp":1772217796774,"location":"Program.cs","message":"debug","data":{"hypothesisId":"B,C","requestPath":"/img/familias-dif.png","expectedPhysicalPath":"C:\\Users\\ECI-DIF-100\\Desktop\\Requisiciones\\Inventario.AplicacionWeb\\wwwroot\\img\\familias-dif.png","fileExists":true}}
{"sessionId":"4d7115","timestamp":1772217796778,"location":"Program.cs","message":"debug","data":{"hypothesisId":"F","requestPath":"/img/corazon.png","responseStatusCode":304}}
{"sessionId":"4d7115","timestamp":1772217809263,"location":"Program.cs","message":"debug","data":{"hypothesisId":"B,C","requestPath":"/img/corazon.png","expectedPhysicalPath":"C:\\Users\\ECI-DIF-100\\Desktop\\Requisiciones\\Inventario.AplicacionWeb\\wwwroot\\img\\corazon.png","fileExists":true}}
{"sessionId":"4d7115","timestamp":1772217809265,"location":"Program.cs","message":"debug","data":{"hypothesisId":"F","requestPath":"/img/corazon.png","responseStatusCode":304}}
{"sessionId":"4d7115","timestamp":1772217910696,"location":"Program.cs","message":"debug","data":{"hypothesisId":"B,C","requestPath":"/img/familias-dif.png","expectedPhysicalPath":"C:\\Users\\ECI-DIF-100\\Desktop\\Requisiciones\\Inventario.AplicacionWeb\\wwwroot\\img\\familias-dif.png","fileExists":true}}
{"sessionId":"4d7115","timestamp":1772217952666,"location":"Program.cs","message":"debug","data":{"hypothesisId":"B,C","requestPath":"/img/familias-dif.png","expectedPhysicalPath":"C:\\Users\\ECI-DIF-100\\Desktop\\Requisiciones\\Inventario.AplicacionWeb\\wwwroot\\img\\familias-dif.png","fileExists":true}}
{"sessionId":"4d7115","timestamp":1772217952667,"location":"Program.cs","message":"debug","data":{"hypothesisId":"F","requestPath":"/img/corazon.png","responseStatusCode":304}}
{"sessionId":"4d7115","timestamp":1772222062179,"location":"Program.cs","message":"debug","data":{"hypothesisId":"B,C","requestPath":"/img/corazon.png","expectedPhysicalPath":"C:\\Users\\ECI-DIF-100\\Desktop\\Requisiciones\\Inventario.AplicacionWeb\\wwwroot\\img\\corazon.png","fileExists":true}}
{"sessionId":"4d7115","timestamp":1772222062191,"location":"Program.cs","message":"debug","data":{"hypothesisId":"F","requestPath":"/img/corazon.png","responseStatusCode":200}}
{"sessionId":"4d7115","timestamp":1772222327906,"location":"Program.cs","message":"debug","data":{"hypothesisId":"B,C","requestPath":"/img/corazon.png","expectedPhysicalPath":"C:\\Users\\ECI-DIF-100\\Desktop\\Requisiciones\\Inventario.AplicacionWeb\\wwwroot\\img\\corazon.png","fileExists":true}}
{"sessionId":"4d7115","timestamp":1772222327908,"location":"Program.cs","message":"debug","data":{"hypothesisId":"B,C","requestPath":"/img/familias-dif.png","expectedPhysicalPath":"C:\\Users\\ECI-DIF-100\\Desktop\\Requisiciones\\Inventario.AplicacionWeb\\wwwroot\\img\\familias-dif.png","fileExists":true}}
{"sessionId":"4d7115","timestamp":1772222327912,"location":"Program.cs","message":"debug","data":{"hypothesisId":"F","requestPath":"/img/corazon.png","responseStatusCode":200}}
{"sessionId":"4d7115","timestamp":1772222363234,"location":"Program.cs","message":"debug","data":{"hypothesisId":"B,C","requestPath":"/img/corazon.png","expectedPhysicalPath":"C:\\Users\\ECI-DIF-100\\Desktop\\Requisiciones\\Inventario.AplicacionWeb\\wwwroot\\img\\corazon.png","fileExists":true}}
{"sessionId":"4d7115","timestamp":1772222363236,"location":"Program.cs","message":"debug","data":{"hypothesisId":"F","requestPath":"/img/corazon.png","responseStatusCode":304}}
{"sessionId":"4d7115","timestamp":1772222363237,"location":"Program.cs","message":"debug","data":{"hypothesisId":"B,C","requestPath":"/img/pensargrande.png","expectedPhysicalPath":"C:\\Users\\ECI-DIF-100\\Desktop\\Requisiciones\\Inventario.AplicacionWeb\\wwwroot\\img\\pensargrande.png","fileExists":true}}
{"sessionId":"4d7115","timestamp":1772222363249,"location":"Program.cs","message":"debug","data":{"hypothesisId":"B,C","requestPath":"/img/","expectedPhysicalPath":"C:\\Users\\ECI-DIF-100\\Desktop\\Requisiciones\\Inventario.AplicacionWeb\\wwwroot\\img\\","fileExists":false}}
{"sessionId":"4d7115","timestamp":1772222365313,"location":"Program.cs","message":"debug","data":{"hypothesisId":"B,C","requestPath":"/img/familias-dif.png","expectedPhysicalPath":"C:\\Users\\ECI-DIF-100\\Desktop\\Requisiciones\\Inventario.AplicacionWeb\\wwwroot\\img\\familias-dif.png","fileExists":true}}
{"sessionId":"4d7115","timestamp":1772222365314,"location":"Program.cs","message":"debug","data":{"hypothesisId":"F","requestPath":"/img/corazon.png","responseStatusCode":304}}
{"sessionId":"4d7115","timestamp":1772222365315,"location":"Program.cs","message":"debug","data":{"hypothesisId":"B,C","requestPath":"/img/pensargrande.png","expectedPhysicalPath":"C:\\Users\\ECI-DIF-100\\Desktop\\Requisiciones\\Inventario.AplicacionWeb\\wwwroot\\img\\pensargrande.png","fileExists":true}}
{"sessionId":"4d7115","timestamp":1772222366658,"location":"Program.cs","message":"debug","data":{"hypothesisId":"B,C","requestPath":"/img/familias-dif.png","expectedPhysicalPath":"C:\\Users\\ECI-DIF-100\\Desktop\\Requisiciones\\Inventario.AplicacionWeb\\wwwroot\\img\\familias-dif.png","fileExists":true}}
{"sessionId":"4d7115","timestamp":1772222366662,"location":"Program.cs","message":"debug","data":{"hypothesisId":"F","requestPath":"/img/corazon.png","responseStatusCode":304}}
{"sessionId":"4d7115","timestamp":1772222366691,"location":"Program.cs","message":"debug","data":{"hypothesisId":"B,C","requestPath":"/img/favicon.ico","expectedPhysicalPath":"C:\\Users\\ECI-DIF-100\\Desktop\\Requisiciones\\Inventario.AplicacionWeb\\wwwroot\\img\\favicon.ico","fileExists":false}}
{"sessionId":"4d7115","timestamp":1772222368984,"location":"Program.cs","message":"debug","data":{"hypothesisId":"B,C","requestPath":"/img/familias-dif.png","expectedPhysicalPath":"C:\\Users\\ECI-DIF-100\\Desktop\\Requisiciones\\Inventario.AplicacionWeb\\wwwroot\\img\\familias-dif.png","fileExists":true}}
{"sessionId":"4d7115","timestamp":1772222368985,"location":"Program.cs","message":"debug","data":{"hypothesisId":"F","requestPath":"/img/corazon.png","responseStatusCode":304}}
{"sessionId":"4d7115","timestamp":1772222370191,"location":"Program.cs","message":"debug","data":{"hypothesisId":"B,C","requestPath":"/img/pensargrande.png","expectedPhysicalPath":"C:\\Users\\ECI-DIF-100\\Desktop\\Requisiciones\\Inventario.AplicacionWeb\\wwwroot\\img\\pensargrande.png","fileExists":true}}
{"sessionId":"4d7115","timestamp":1772222370192,"location":"Program.cs","message":"debug","data":{"hypothesisId":"F","requestPath":"/img/corazon.png","responseStatusCode":304}}
{"sessionId":"4d7115","timestamp":1772222370843,"location":"Program.cs","message":"debug","data":{"hypothesisId":"B,C","requestPath":"/img/corazon.png","expectedPhysicalPath":"C:\\Users\\ECI-DIF-100\\Desktop\\Requisiciones\\Inventario.AplicacionWeb\\wwwroot\\img\\corazon.png","fileExists":true}}
{"sessionId":"4d7115","timestamp":1772222370844,"location":"Program.cs","message":"debug","data":{"hypothesisId":"F","requestPath":"/img/corazon.png","responseStatusCode":304}}
{"sessionId":"4d7115","timestamp":1772222375124,"location":"Program.cs","message":"debug","data":{"hypothesisId":"B,C","requestPath":"/img/corazon.png","expectedPhysicalPath":"C:\\Users\\ECI-DIF-100\\Desktop\\Requisiciones\\Inventario.AplicacionWeb\\wwwroot\\img\\corazon.png","fileExists":true}}
{"sessionId":"4d7115","timestamp":1772222375127,"location":"Program.cs","message":"debug","data":{"hypothesisId":"F","requestPath":"/img/corazon.png","responseStatusCode":304}}
{"sessionId":"4d7115","timestamp":1772222375128,"location":"Program.cs","message":"debug","data":{"hypothesisId":"B,C","requestPath":"/img/pensargrande.png","expectedPhysicalPath":"C:\\Users\\ECI-DIF-100\\Desktop\\Requisiciones\\Inventario.AplicacionWeb\\wwwroot\\img\\pensargrande.png","fileExists":true}}
{"sessionId":"4d7115","timestamp":1772223339230,"location":"Program.cs","message":"debug","data":{"hypothesisId":"B,C","requestPath":"/img/familias-dif.png","expectedPhysicalPath":"C:\\Users\\ECI-DIF-100\\Desktop\\Requisiciones\\Inventario.AplicacionWeb\\wwwroot\\img\\familias-dif.png","fileExists":true}}
{"sessionId":"4d7115","timestamp":1772223339236,"location":"Program.cs","message":"debug","data":{"hypothesisId":"F","requestPath":"/img/corazon.png","responseStatusCode":200}}
{"sessionId":"4d7115","timestamp":1772223340325,"location":"Program.cs","message":"debug","data":{"hypothesisId":"B,C","requestPath":"/img/pensargrande.png","expectedPhysicalPath":"C:\\Users\\ECI-DIF-100\\Desktop\\Requisiciones\\Inventario.AplicacionWeb\\wwwroot\\img\\pensargrande.png","fileExists":true}}
{"sessionId":"4d7115","timestamp":1772223340329,"location":"Program.cs","message":"debug","data":{"hypothesisId":"F","requestPath":"/img/corazon.png","responseStatusCode":200}}
{"sessionId":"4d7115","timestamp":1772223341358,"location":"Program.cs","message":"debug","data":{"hypothesisId":"B,C","requestPath":"/img/pensargrande.png","expectedPhysicalPath":"C:\\Users\\ECI-DIF-100\\Desktop\\Requisiciones\\Inventario.AplicacionWeb\\wwwroot\\img\\pensargrande.png","fileExists":true}}
{"sessionId":"4d7115","timestamp":1772223341359,"location":"Program.cs","message":"debug","data":{"hypothesisId":"F","requestPath":"/img/corazon.png","responseStatusCode":304}}
{"sessionId":"4d7115","timestamp":1772223342611,"location":"Program.cs","message":"debug","data":{"hypothesisId":"B,C","requestPath":"/img/pensargrande.png","expectedPhysicalPath":"C:\\Users\\ECI-DIF-100\\Desktop\\Requisiciones\\Inventario.AplicacionWeb\\wwwroot\\img\\pensargrande.png","fileExists":true}}
{"sessionId":"4d7115","timestamp":1772223342611,"location":"Program.cs","message":"debug","data":{"hypothesisId":"B,C","requestPath":"/img/corazon.png","expectedPhysicalPath":"C:\\Users\\ECI-DIF-100\\Desktop\\Requisiciones\\Inventario.AplicacionWeb\\wwwroot\\img\\corazon.png","fileExists":true}}
{"sessionId":"4d7115","timestamp":1772223342612,"location":"Program.cs","message":"debug","data":{"hypothesisId":"F","requestPath":"/img/corazon.png","responseStatusCode":304}}
{"sessionId":"4d7115","timestamp":1772223369293,"location":"Program.cs","message":"debug","data":{"hypothesisId":"B,C","requestPath":"/img/familias-dif.png","expectedPhysicalPath":"C:\\Users\\ECI-DIF-100\\Desktop\\Requisiciones\\Inventario.AplicacionWeb\\wwwroot\\img\\familias-dif.png","fileExists":true}}
{"sessionId":"4d7115","timestamp":1772223369294,"location":"Program.cs","message":"debug","data":{"hypothesisId":"F","requestPath":"/img/corazon.png","responseStatusCode":304}}
{"sessionId":"4d7115","timestamp":1772223386181,"location":"Program.cs","message":"debug","data":{"hypothesisId":"B,C","requestPath":"/img/corazon.png","expectedPhysicalPath":"C:\\Users\\ECI-DIF-100\\Desktop\\Requisiciones\\Inventario.AplicacionWeb\\wwwroot\\img\\corazon.png","fileExists":true}}
{"sessionId":"4d7115","timestamp":1772223386186,"location":"Program.cs","message":"debug","data":{"hypothesisId":"B,C","requestPath":"/img/pensargrande.png","expectedPhysicalPath":"C:\\Users\\ECI-DIF-100\\Desktop\\Requisiciones\\Inventario.AplicacionWeb\\wwwroot\\img\\pensargrande.png","fileExists":true}}
{"sessionId":"4d7115","timestamp":1772223414316,"location":"Program.cs","message":"debug","data":{"hypothesisId":"A,E","webRoot":"C:\\Users\\ECI-DIF-100\\Desktop\\Requisiciones\\Inventario.AplicacionWeb\\wwwroot","corazonExists":true,"corazonPath":"C:\\Users\\ECI-DIF-100\\Desktop\\Requisiciones\\Inventario.AplicacionWeb\\wwwroot\\img\\corazon.png","filesInImg":"corazon.png,familias-dif-rosa.png,familias-dif.png,pensargrande.png,png-gob.png,puebla-gob-blanco.png,user-avatar.png"}}
{"sessionId":"4d7115","timestamp":1772223415355,"location":"Program.cs","message":"debug","data":{"hypothesisId":"B,C","requestPath":"/img/pensargrande.png","expectedPhysicalPath":"C:\\Users\\ECI-DIF-100\\Desktop\\Requisiciones\\Inventario.AplicacionWeb\\wwwroot\\img\\pensargrande.png","fileExists":true}}
{"sessionId":"4d7115","timestamp":1772223415362,"location":"Program.cs","message":"debug","data":{"hypothesisId":"B,C","requestPath":"/img/corazon.png","expectedPhysicalPath":"C:\\Users\\ECI-DIF-100\\Desktop\\Requisiciones\\Inventario.AplicacionWeb\\wwwroot\\img\\corazon.png","fileExists":true}}
{"sessionId":"4d7115","timestamp":1772223415363,"location":"Program.cs","message":"debug","data":{"hypothesisId":"F","requestPath":"/img/corazon.png","responseStatusCode":304}}
